{"type":"FeatureCollection","name":"reclamos-octubre","crs":{"type":"name","properties":{"name":"urn:ogc:def:crs:OGC:1.3:CRS84"}},"features":[{"type":"Feature","properties":{"Nro. Reclamo":"2025-R -57691","SubMotivo":"ANEGAMIENTO","Localidad problema":"VILLA BALLESTER","Direccion":"116 ALTE. BROWN 4905, VILLA BALLESTER, General San Martin, Provincia de Buenos Aires","Entrecalle 1":"77 BELGRANO (C)","Entrecalle 2":"77 BELGRANO (C)","Latitude":-34.56416,"Longitude":-58.57248,"mes_relevamiento":"Octubre","nro_reclamo":"2025-R -57691","submotivo":"ANEGAMIENTO","localidad":"VILLA BALLESTER","direccion":"116 ALTE. BROWN 4905, VILLA BALLESTER, General San Martin, Provincia de Buenos Aires","entrecalle_1":"77 BELGRANO (C)","entrecalle_2":"77 BELGRANO (C)"},"geometry":{"type":"Point","coordinates":[-58.5724766,-34.5641625]}},{"type":"Feature","properties":{"Nro. Reclamo":"2025-W -06442","SubMotivo":"ANEGAMIENTO","Localidad problema":"SAN MARTÍN","Direccion":"48 MORENO 4671, SAN MARTIN, General San Martin, Provincia de Buenos Aires","Entrecalle 1":"109 PASO (C)","Entrecalle 2":"105 DARDO ROCHA (C)","Latitude":-34.58443,"Longitude":-58.54344,"mes_relevamiento":"Octubre","nro_reclamo":"2025-W -06442","submotivo":"ANEGAMIENTO","localidad":"SAN MARTÍN","direccion":"48 MORENO 4671, SAN MARTIN, General San Martin, Provincia de Buenos Aires","entrecalle_1":"109 PASO (C)","entrecalle_2":"105 DARDO ROCHA (C)"},"geometry":{"type":"Point","coordinates":[-58.5434399,-34.584432]}},{"type":"Feature","properties":{"Nro. Reclamo":"2025-R -56207","SubMotivo":"ANEGAMIENTO","Localidad problema":"JOSE LEON SUAREZ","Direccion":"158 ALSINA 2400, JOSE LEON SUAREZ, General San Martin, Provincia de Buenos Aires","Entrecalle 1":"57 BOULEVARD BALLESTER (C)","Entrecalle 2":"103 BUENOS AIRES (C)","Latitude":-34.53492,"Longitude":-58.56684,"mes_relevamiento":"Octubre","nro_reclamo":"2025-R -56207","submotivo":"ANEGAMIENTO","localidad":"JOSE LEON SUAREZ","direccion":"158 ALSINA 2400, JOSE LEON SUAREZ, General San Martin, Provincia de Buenos Aires","entrecalle_1":"57 BOULEVARD BALLESTER (C)","entrecalle_2":"103 BUENOS AIRES (C)"},"geometry":{"type":"Point","coordinates":[-58.5668428,-34.5349185]}},{"type":"Feature","properties":{"Nro. Reclamo":"2025-R -56258","SubMotivo":"ANEGAMIENTO","Localidad problema":"VILLA BONICH","Direccion":"113 ALVEAR 4464, VILLA BONICH, General San Martin, Provincia de Buenos Aires","Entrecalle 1":"108 CHACABUCO (C)","Entrecalle 2":"106 PELLEGRINI (C)","Latitude":-34.56667,"Longitude":-58.56841,"mes_relevamiento":"Octubre","nro_reclamo":"2025-R -56258","submotivo":"ANEGAMIENTO","localidad":"VILLA BONICH","direccion":"113 ALVEAR 4464, VILLA BONICH, General San Martin, Provincia de Buenos Aires","entrecalle_1":"108 CHACABUCO (C)","entrecalle_2":"106 PELLEGRINI (C)"},"geometry":{"type":"Point","coordinates":[-58.5684125,-34.5666741]}},{"type":"Feature","properties":{"Nro. Reclamo":"2025-R -56266","SubMotivo":"ANEGAMIENTO","Localidad problema":"VILLA LYNCH","Direccion":"18 MURATURE 3700, VILLA LYNCH, General San Martin, Provincia de Buenos Aires","Entrecalle 1":"97 VICTORINO DE LA PLAZA (C)","Entrecalle 2":"97 VICTORINO DE LA PLAZA (C)","Latitude":-34.58782,"Longitude":-58.52419,"mes_relevamiento":"Octubre","nro_reclamo":"2025-R -56266","submotivo":"ANEGAMIENTO","localidad":"VILLA LYNCH","direccion":"18 MURATURE 3700, VILLA LYNCH, General San Martin, Provincia de Buenos Aires","entrecalle_1":"97 VICTORINO DE LA PLAZA (C)","entrecalle_2":"97 VICTORINO DE LA PLAZA (C)"},"geometry":{"type":"Point","coordinates":[-58.5241864,-34.5878214]}},{"type":"Feature","properties":{"Nro. Reclamo":"2025-R -56269","SubMotivo":"ANEGAMIENTO","Localidad problema":"VILLA MAIPU","Direccion":"37 J. A. ROCA 1600, VILLA MAIPU, General San Martin, Provincia de Buenos Aires","Entrecalle 1":"42 PERDRIEL (C)","Entrecalle 2":"44 AV. PTE. A. ILLIA (A)","Latitude":-34.56821,"Longitude":-58.51725,"mes_relevamiento":"Octubre","nro_reclamo":"2025-R -56269","submotivo":"ANEGAMIENTO","localidad":"VILLA MAIPU","direccion":"37 J. A. ROCA 1600, VILLA MAIPU, General San Martin, Provincia de Buenos Aires","entrecalle_1":"42 PERDRIEL (C)","entrecalle_2":"44 AV. PTE. A. ILLIA (A)"},"geometry":{"type":"Point","coordinates":[-58.5172458,-34.5682119]}},{"type":"Feature","properties":{"Nro. Reclamo":"2025-R -56272","SubMotivo":"ANEGAMIENTO","Localidad problema":"JOSE LEON SUAREZ","Direccion":"146 CAMPICHUELO 2500, JOSE LEON SUAREZ, General San Martin, Provincia de Buenos Aires","Entrecalle 1":"113 25 DE MAYO (C)","Entrecalle 2":"113 25 DE MAYO (C)","Latitude":-34.55256,"Longitude":-58.57888,"mes_relevamiento":"Octubre","nro_reclamo":"2025-R -56272","submotivo":"ANEGAMIENTO","localidad":"JOSE LEON SUAREZ","direccion":"146 CAMPICHUELO 2500, JOSE LEON SUAREZ, General San Martin, Provincia de Buenos Aires","entrecalle_1":"113 25 DE MAYO (C)","entrecalle_2":"113 25 DE MAYO (C)"},"geometry":{"type":"Point","coordinates":[-58.5788839,-34.5525578]}},{"type":"Feature","properties":{"Nro. Reclamo":"2025-R -56274","SubMotivo":"ANEGAMIENTO","Localidad problema":"JOSE LEON SUAREZ","Direccion":"176 ZEBALLOS 8400, JOSE LEON SUAREZ, General San Martin, Provincia de Buenos Aires","Entrecalle 1":"93 DEBENEDETTI (C)","Entrecalle 2":"93 DEBENEDETTI (C)","Latitude":-34.5363,"Longitude":-58.59376,"mes_relevamiento":"Octubre","nro_reclamo":"2025-R -56274","submotivo":"ANEGAMIENTO","localidad":"JOSE LEON SUAREZ","direccion":"176 ZEBALLOS 8400, JOSE LEON SUAREZ, General San Martin, Provincia de Buenos Aires","entrecalle_1":"93 DEBENEDETTI (C)","entrecalle_2":"93 DEBENEDETTI (C)"},"geometry":{"type":"Point","coordinates":[-58.59376,-34.536296]}},{"type":"Feature","properties":{"Nro. Reclamo":"2025-R -56290","SubMotivo":"ANEGAMIENTO","Localidad problema":"VILLA BALLESTER","Direccion":"124 COLON 5668, VILLA BALLESTER, General San Martin, Provincia de Buenos Aires","Entrecalle 1":"136 SARANDÍ (C)","Entrecalle 2":"134 TREINTA Y TRES (C)","Latitude":-34.5578,"Longitude":-58.57039,"mes_relevamiento":"Octubre","nro_reclamo":"2025-R -56290","submotivo":"ANEGAMIENTO","localidad":"VILLA BALLESTER","direccion":"124 COLON 5668, VILLA BALLESTER, General San Martin, Provincia de Buenos Aires","entrecalle_1":"136 SARANDÍ (C)","entrecalle_2":"134 TREINTA Y TRES (C)"},"geometry":{"type":"Point","coordinates":[-58.5703939,-34.5578043]}},{"type":"Feature","properties":{"Nro. Reclamo":"2025-R -56291","SubMotivo":"ANEGAMIENTO","Localidad problema":"SAN MARTIN","Direccion":"44 JUAREZ 3220, SAN MARTIN, General San Martin, Provincia de Buenos Aires","Entrecalle 1":"79 25 DE MAYO (C)","Entrecalle 2":"79 25 DE MAYO (C)","Latitude":-34.57674,"Longitude":-58.52984,"mes_relevamiento":"Octubre","nro_reclamo":"2025-R -56291","submotivo":"ANEGAMIENTO","localidad":"SAN MARTIN","direccion":"44 JUAREZ 3220, SAN MARTIN, General San Martin, Provincia de Buenos Aires","entrecalle_1":"79 25 DE MAYO (C)","entrecalle_2":"79 25 DE MAYO (C)"},"geometry":{"type":"Point","coordinates":[-58.5298442,-34.5767375]}},{"type":"Feature","properties":{"Nro. Reclamo":"2025-R -60518","SubMotivo":"ANEGAMIENTO","Localidad problema":"JOSE LEON SUAREZ","Direccion":"25 SARRATEA 9688, JOSE LEON SUAREZ, General San Martin, Provincia de Buenos Aires","Entrecalle 1":"226 EL ZORZAL (C)","Entrecalle 2":"224 R. OBLIGADO (C)","Latitude":-34.50735,"Longitude":-58.58054,"mes_relevamiento":"Octubre","nro_reclamo":"2025-R -60518","submotivo":"ANEGAMIENTO","localidad":"JOSE LEON SUAREZ","direccion":"25 SARRATEA 9688, JOSE LEON SUAREZ, General San Martin, Provincia de Buenos Aires","entrecalle_1":"226 EL ZORZAL (C)","entrecalle_2":"224 R. OBLIGADO (C)"},"geometry":{"type":"Point","coordinates":[-58.5805366,-34.5073501]}},{"type":"Feature","properties":{"Nro. Reclamo":"2025-R -56363","SubMotivo":"ARBOL CAIDO","Localidad problema":"SAN MARTIN","Direccion":"103 RONDEAU 2484, SAN MARTIN, General San Martin, Provincia de Buenos Aires","Entrecalle 1":"62 PROFESOR ROGELIO VIDAL (C)","Entrecalle 2":"60 RIVADAVIA (C)","Latitude":-34.57782,"Longitude":-58.54751,"mes_relevamiento":"Octubre","nro_reclamo":"2025-R -56363","submotivo":"ARBOL CAIDO","localidad":"SAN MARTIN","direccion":"103 RONDEAU 2484, SAN MARTIN, General San Martin, Provincia de Buenos Aires","entrecalle_1":"62 PROFESOR ROGELIO VIDAL (C)","entrecalle_2":"60 RIVADAVIA (C)"},"geometry":{"type":"Point","coordinates":[-58.5475093,-34.5778229]}},{"type":"Feature","properties":{"Nro. Reclamo":"2025-R -56319","SubMotivo":"ARBOL CAIDO","Localidad problema":"VILLA BALLESTER","Direccion":"80 JUJUY 3410, VILLA BALLESTER, General San Martin, Provincia de Buenos Aires","Entrecalle 1":"81 MISIONES (D)","Entrecalle 2":"79 C. J. BENIELLI (P)","Latitude":-34.56264,"Longitude":-58.551,"mes_relevamiento":"Octubre","nro_reclamo":"2025-R -56319","submotivo":"ARBOL CAIDO","localidad":"VILLA BALLESTER","direccion":"80 JUJUY 3410, VILLA BALLESTER, General San Martin, Provincia de Buenos Aires","entrecalle_1":"81 MISIONES (D)","entrecalle_2":"79 C. J. BENIELLI (P)"},"geometry":{"type":"Point","coordinates":[-58.5510009,-34.5626406]}},{"type":"Feature","properties":{"Nro. Reclamo":"2025-R -56442","SubMotivo":"ARBOL CAIDO","Localidad problema":"VILLA MAIPU","Direccion":"63 ALMAFUERTE 2385, VILLA MAIPU, General San Martin, Provincia de Buenos Aires","Entrecalle 1":"60 RIVADAVIA (C)","Entrecalle 2":"58 PUEYRREDON (C)","Latitude":-34.56675,"Longitude":-58.53219,"mes_relevamiento":"Octubre","nro_reclamo":"2025-R -56442","submotivo":"ARBOL CAIDO","localidad":"VILLA MAIPU","direccion":"63 ALMAFUERTE 2385, VILLA MAIPU, General San Martin, Provincia de Buenos Aires","entrecalle_1":"60 RIVADAVIA (C)","entrecalle_2":"58 PUEYRREDON (C)"},"geometry":{"type":"Point","coordinates":[-58.5321936,-34.5667477]}},{"type":"Feature","properties":{"Nro. Reclamo":"2025-R -61452","SubMotivo":"ARBOL CAIDO","Localidad problema":"SAN MARTIN","Direccion":"123 BIANCHI 1600, SAN MARTIN, General San Martin, Provincia de Buenos Aires","Entrecalle 1":"44 JUAREZ (C)","Entrecalle 2":"44 JUAREZ (C)","Latitude":-34.59255,"Longitude":-58.5434,"mes_relevamiento":"Octubre","nro_reclamo":"2025-R -61452","submotivo":"ARBOL CAIDO","localidad":"SAN MARTIN","direccion":"123 BIANCHI 1600, SAN MARTIN, General San Martin, Provincia de Buenos Aires","entrecalle_1":"44 JUAREZ (C)","entrecalle_2":"44 JUAREZ (C)"},"geometry":{"type":"Point","coordinates":[-58.5434034,-34.5925511]}},{"type":"Feature","properties":{"Nro. Reclamo":"2025-R -55964","SubMotivo":"ARBOL CAIDO","Localidad problema":"JOSE LEON SUAREZ","Direccion":"186 ESTRADA 4496, JOSE LEON SUAREZ, General San Martin, Provincia de Buenos Aires","Entrecalle 1":"103 BUENOS AIRES (C)","Entrecalle 2":"103 BUENOS AIRES (C)","Latitude":-34.5412,"Longitude":-58.58694,"mes_relevamiento":"Octubre","nro_reclamo":"2025-R -55964","submotivo":"ARBOL CAIDO","localidad":"JOSE LEON SUAREZ","direccion":"186 ESTRADA 4496, JOSE LEON SUAREZ, General San Martin, Provincia de Buenos Aires","entrecalle_1":"103 BUENOS AIRES (C)","entrecalle_2":"103 BUENOS AIRES (C)"},"geometry":{"type":"Point","coordinates":[-58.5869428,-34.5411953]}},{"type":"Feature","properties":{"Nro. Reclamo":"2025-W -06414","SubMotivo":"ARBOL CAIDO","Localidad problema":"VILLA BALLESTER","Direccion":"106 INT. WITCOMB 1489, VILLA BALLESTER, General San Martin, Provincia de Buenos Aires","Entrecalle 1":"31 TANDIL (C)","Entrecalle 2":"29 BOUCHARD (C)","Latitude":-34.54348,"Longitude":-58.54203,"mes_relevamiento":"Octubre","nro_reclamo":"2025-W -06414","submotivo":"ARBOL CAIDO","localidad":"VILLA BALLESTER","direccion":"106 INT. WITCOMB 1489, VILLA BALLESTER, General San Martin, Provincia de Buenos Aires","entrecalle_1":"31 TANDIL (C)","entrecalle_2":"29 BOUCHARD (C)"},"geometry":{"type":"Point","coordinates":[-58.5420312,-34.543483]}},{"type":"Feature","properties":{"Nro. Reclamo":"2025-R -56233","SubMotivo":"ARBOL CAIDO","Localidad problema":"VILLA LYNCH","Direccion":"28 VELEZ SARFIELD 3900, VILLA LYNCH, General San Martin, Provincia de Buenos Aires","Entrecalle 1":"93 DR. MANUEL A. ROUCO (C)","Entrecalle 2":"91 SAN MARTIN (C)","Latitude":-34.58618,"Longitude":-58.52898,"mes_relevamiento":"Octubre","nro_reclamo":"2025-R -56233","submotivo":"ARBOL CAIDO","localidad":"VILLA LYNCH","direccion":"28 VELEZ SARFIELD 3900, VILLA LYNCH, General San Martin, Provincia de Buenos Aires","entrecalle_1":"93 DR. MANUEL A. ROUCO (C)","entrecalle_2":"91 SAN MARTIN (C)"},"geometry":{"type":"Point","coordinates":[-58.5289838,-34.5861769]}},{"type":"Feature","properties":{"Nro. Reclamo":"2025-R -56287","SubMotivo":"ARBOL CAIDO","Localidad problema":"JOSE LEON SUAREZ","Direccion":"75 ARTIGAS 2905, JOSE LEON SUAREZ, General San Martin, Provincia de Buenos Aires","Entrecalle 1":"178 JOSE INGENIEROS (C)","Entrecalle 2":"178 JOSE INGENIEROS (C)","Latitude":-34.54086,"Longitude":-58.57424,"mes_relevamiento":"Octubre","nro_reclamo":"2025-R -56287","submotivo":"ARBOL CAIDO","localidad":"JOSE LEON SUAREZ","direccion":"75 ARTIGAS 2905, JOSE LEON SUAREZ, General San Martin, Provincia de Buenos Aires","entrecalle_1":"178 JOSE INGENIEROS (C)","entrecalle_2":"178 JOSE INGENIEROS (C)"},"geometry":{"type":"Point","coordinates":[-58.5742374,-34.5408642]}},{"type":"Feature","properties":{"Nro. Reclamo":"2025-R -56292","SubMotivo":"ARBOL CAIDO","Localidad problema":"JOSE LEON SUAREZ","Direccion":"160 SOLIS 3035, JOSE LEON SUAREZ, General San Martin, Provincia de Buenos Aires","Entrecalle 1":"69 CHILAVERT (D)","Entrecalle 2":"69 CHILAVERT (D)","Latitude":-34.53962,"Longitude":-58.57377,"mes_relevamiento":"Octubre","nro_reclamo":"2025-R -56292","submotivo":"ARBOL CAIDO","localidad":"JOSE LEON SUAREZ","direccion":"160 SOLIS 3035, JOSE LEON SUAREZ, General San Martin, Provincia de Buenos Aires","entrecalle_1":"69 CHILAVERT (D)","entrecalle_2":"69 CHILAVERT (D)"},"geometry":{"type":"Point","coordinates":[-58.5737728,-34.5396153]}},{"type":"Feature","properties":{"Nro. Reclamo":"2025-R -56293","SubMotivo":"ARBOL CAIDO","Localidad problema":"VILLA BALLESTER","Direccion":"142 RECONQUISTA 2900, VILLA BALLESTER, General San Martin, Provincia de Buenos Aires","Entrecalle 1":"115 LIB. GRAL. SAN MARTIN (C)","Entrecalle 2":"115 LIB. GRAL. SAN MARTIN (C)","Latitude":-34.54339,"Longitude":-58.56576,"mes_relevamiento":"Octubre","nro_reclamo":"2025-R -56293","submotivo":"ARBOL CAIDO","localidad":"VILLA BALLESTER","direccion":"142 RECONQUISTA 2900, VILLA BALLESTER, General San Martin, Provincia de Buenos Aires","entrecalle_1":"115 LIB. GRAL. SAN MARTIN (C)","entrecalle_2":"115 LIB. GRAL. SAN MARTIN (C)"},"geometry":{"type":"Point","coordinates":[-58.5657639,-34.5433901]}},{"type":"Feature","properties":{"Nro. Reclamo":"2025-R -56359","SubMotivo":"ARBOL CAIDO","Localidad problema":"VILLA LYNCH","Direccion":"28 VELEZ SARFIELD 3800, VILLA LYNCH, General San Martin, Provincia de Buenos Aires","Entrecalle 1":"93 DR. MANUEL A. ROUCO (C)","Entrecalle 2":"91 SAN MARTIN (C)","Latitude":-34.58548,"Longitude":-58.52827,"mes_relevamiento":"Octubre","nro_reclamo":"2025-R -56359","submotivo":"ARBOL CAIDO","localidad":"VILLA LYNCH","direccion":"28 VELEZ SARFIELD 3800, VILLA LYNCH, General San Martin, Provincia de Buenos Aires","entrecalle_1":"93 DR. MANUEL A. ROUCO (C)","entrecalle_2":"91 SAN MARTIN (C)"},"geometry":{"type":"Point","coordinates":[-58.5282665,-34.5854801]}},{"type":"Feature","properties":{"Nro. Reclamo":"2025-R -56467","SubMotivo":"ARBOL CAIDO","Localidad problema":"VILLA LYNCH","Direccion":"26 M. ASUNTA 3500, VILLA LYNCH, General San Martin, Provincia de Buenos Aires","Entrecalle 1":"81 PARRAVICINI (C)","Entrecalle 2":"81 PARRAVICINI (C)","Latitude":-34.58459,"Longitude":-58.52515,"mes_relevamiento":"Octubre","nro_reclamo":"2025-R -56467","submotivo":"ARBOL CAIDO","localidad":"VILLA LYNCH","direccion":"26 M. ASUNTA 3500, VILLA LYNCH, General San Martin, Provincia de Buenos Aires","entrecalle_1":"81 PARRAVICINI (C)","entrecalle_2":"81 PARRAVICINI (C)"},"geometry":{"type":"Point","coordinates":[-58.5251474,-34.5845871]}},{"type":"Feature","properties":{"Nro. Reclamo":"2025-R -56473","SubMotivo":"ARBOL CAIDO","Localidad problema":"VILLA BALLESTER","Direccion":"125 AV. EVA PERON 5647, VILLA BALLESTER, General San Martin, Provincia de Buenos Aires","Entrecalle 1":"129 CARLOS GARDEL (C)","Entrecalle 2":"96 POSADAS (P)","Latitude":-34.56202,"Longitude":-58.58272,"mes_relevamiento":"Octubre","nro_reclamo":"2025-R -56473","submotivo":"ARBOL CAIDO","localidad":"VILLA BALLESTER","direccion":"125 AV. EVA PERON 5647, VILLA BALLESTER, General San Martin, Provincia de Buenos Aires","entrecalle_1":"129 CARLOS GARDEL (C)","entrecalle_2":"96 POSADAS (P)"},"geometry":{"type":"Point","coordinates":[-58.5827166,-34.5620235]}},{"type":"Feature","properties":{"Nro. Reclamo":"2025-R -56492","SubMotivo":"ARBOL CAIDO","Localidad problema":"VILLA BALLESTER","Direccion":"134 CHACABUCO 3884, VILLA BALLESTER, General San Martin, Provincia de Buenos Aires","Entrecalle 1":"93 SAN JOSE DE FLORES (C)","Entrecalle 2":"97 SAN PEDRO (C)","Latitude":-34.55309,"Longitude":-58.57172,"mes_relevamiento":"Octubre","nro_reclamo":"2025-R -56492","submotivo":"ARBOL CAIDO","localidad":"VILLA BALLESTER","direccion":"134 CHACABUCO 3884, VILLA BALLESTER, General San Martin, Provincia de Buenos Aires","entrecalle_1":"93 SAN JOSE DE FLORES (C)","entrecalle_2":"97 SAN PEDRO (C)"},"geometry":{"type":"Point","coordinates":[-58.5717239,-34.553089]}},{"type":"Feature","properties":{"Nro. Reclamo":"2025-R -56717","SubMotivo":"ARBOL CAIDO","Localidad problema":"VILLA LYNCH","Direccion":"93 DR. MANUEL A. ROUCO 800, VILLA LYNCH, General San Martin, Provincia de Buenos Aires","Entrecalle 1":"28 VELEZ SARFIELD (C)","Entrecalle 2":"28 VELEZ SARFIELD (C)","Latitude":-34.58788,"Longitude":-58.52693,"mes_relevamiento":"Octubre","nro_reclamo":"2025-R -56717","submotivo":"ARBOL CAIDO","localidad":"VILLA LYNCH","direccion":"93 DR. MANUEL A. ROUCO 800, VILLA LYNCH, General San Martin, Provincia de Buenos Aires","entrecalle_1":"28 VELEZ SARFIELD (C)","entrecalle_2":"28 VELEZ SARFIELD (C)"},"geometry":{"type":"Point","coordinates":[-58.5269291,-34.5878785]}},{"type":"Feature","properties":{"Nro. Reclamo":"2025-R -56845","SubMotivo":"ARBOL CAIDO","Localidad problema":"VILLA LYNCH","Direccion":"44 JUAREZ 5307, VILLA LYNCH, General San Martin, Provincia de Buenos Aires","Entrecalle 1":"123 BIANCHI (C)","Entrecalle 2":"123 BIANCHI (C)","Latitude":-34.58997,"Longitude":-58.54681,"mes_relevamiento":"Octubre","nro_reclamo":"2025-R -56845","submotivo":"ARBOL CAIDO","localidad":"VILLA LYNCH","direccion":"44 JUAREZ 5307, VILLA LYNCH, General San Martin, Provincia de Buenos Aires","entrecalle_1":"123 BIANCHI (C)","entrecalle_2":"123 BIANCHI (C)"},"geometry":{"type":"Point","coordinates":[-58.5468108,-34.5899699]}},{"type":"Feature","properties":{"Nro. Reclamo":"2025-R -57217","SubMotivo":"ARBOL CAIDO","Localidad problema":"SAN ANDRES","Direccion":"69 DR. ALEU 3600, SAN ANDRES, General San Martin, Provincia de Buenos Aires","Entrecalle 1":"88 A. ALVAREZ (C)","Entrecalle 2":"86 PELAGIO. B. LUNA (C)","Latitude":-34.55871,"Longitude":-58.54612,"mes_relevamiento":"Octubre","nro_reclamo":"2025-R -57217","submotivo":"ARBOL CAIDO","localidad":"SAN ANDRES","direccion":"69 DR. ALEU 3600, SAN ANDRES, General San Martin, Provincia de Buenos Aires","entrecalle_1":"88 A. ALVAREZ (C)","entrecalle_2":"86 PELAGIO. B. LUNA (C)"},"geometry":{"type":"Point","coordinates":[-58.5461212,-34.5587139]}},{"type":"Feature","properties":{"Nro. Reclamo":"2025-R -57751","SubMotivo":"ARBOL CAIDO","Localidad problema":"JOSE LEON SUAREZ","Direccion":"77 BELGRANO 7395, JOSE LEON SUAREZ, General San Martin, Provincia de Buenos Aires","Entrecalle 1":"170 A. ELFLEIN (C)","Entrecalle 2":"168 J. GORRITI (C)","Latitude":-34.53902,"Longitude":-58.58195,"mes_relevamiento":"Octubre","nro_reclamo":"2025-R -57751","submotivo":"ARBOL CAIDO","localidad":"JOSE LEON SUAREZ","direccion":"77 BELGRANO 7395, JOSE LEON SUAREZ, General San Martin, Provincia de Buenos Aires","entrecalle_1":"170 A. ELFLEIN (C)","entrecalle_2":"168 J. GORRITI (C)"},"geometry":{"type":"Point","coordinates":[-58.5819482,-34.539019]}},{"type":"Feature","properties":{"Nro. Reclamo":"2025-R -58166","SubMotivo":"ARBOL CAIDO","Localidad problema":"LOMA HERMOSA","Direccion":"111 LAS PALMAS 6358, LOMA HERMOSA, General San Martin, Provincia de Buenos Aires","Entrecalle 1":"190 BRIG. GRAL. J. M. DE ROSAS (D)","Entrecalle 2":"156 LOS GLADIOLOS (C)","Latitude":-34.55202,"Longitude":-58.58529,"mes_relevamiento":"Octubre","nro_reclamo":"2025-R -58166","submotivo":"ARBOL CAIDO","localidad":"LOMA HERMOSA","direccion":"111 LAS PALMAS 6358, LOMA HERMOSA, General San Martin, Provincia de Buenos Aires","entrecalle_1":"190 BRIG. GRAL. J. M. DE ROSAS (D)","entrecalle_2":"156 LOS GLADIOLOS (C)"},"geometry":{"type":"Point","coordinates":[-58.5852901,-34.5520164]}},{"type":"Feature","properties":{"Nro. Reclamo":"2025-R -59037","SubMotivo":"ARBOL CAIDO","Localidad problema":"LOMA HERMOSA","Direccion":"164 EINSTEIN 5406, LOMA HERMOSA, General San Martin, Provincia de Buenos Aires","Entrecalle 1":"125 AV. EVA PERON (C)","Entrecalle 2":"160 SOLÍS (C)","Latitude":-34.55476,"Longitude":-58.59241,"mes_relevamiento":"Octubre","nro_reclamo":"2025-R -59037","submotivo":"ARBOL CAIDO","localidad":"LOMA HERMOSA","direccion":"164 EINSTEIN 5406, LOMA HERMOSA, General San Martin, Provincia de Buenos Aires","entrecalle_1":"125 AV. EVA PERON (C)","entrecalle_2":"160 SOLÍS (C)"},"geometry":{"type":"Point","coordinates":[-58.5924086,-34.5547586]}},{"type":"Feature","properties":{"Nro. Reclamo":"2025-R -59746","SubMotivo":"ARBOL CAIDO","Localidad problema":"SAN ANDRES","Direccion":"88 A. ALVAREZ 2085, SAN ANDRES, General San Martin, Provincia de Buenos Aires","Entrecalle 1":"47 CHACO (C)","Entrecalle 2":"43 ROSARIO (C)","Latitude":-34.55224,"Longitude":-58.53981,"mes_relevamiento":"Octubre","nro_reclamo":"2025-R -59746","submotivo":"ARBOL CAIDO","localidad":"SAN ANDRES","direccion":"88 A. ALVAREZ 2085, SAN ANDRES, General San Martin, Provincia de Buenos Aires","entrecalle_1":"47 CHACO (C)","entrecalle_2":"43 ROSARIO (C)"},"geometry":{"type":"Point","coordinates":[-58.5398104,-34.5522393]}},{"type":"Feature","properties":{"Nro. Reclamo":"2025-R -60072","SubMotivo":"ARBOL CAIDO","Localidad problema":"VILLA MAIPU","Direccion":"56 MATHEU 1100, VILLA MAIPU, General San Martin, Provincia de Buenos Aires","Entrecalle 1":"67 CONSCRIPTO BERNARDI (C)","Entrecalle 2":"67 CONSCRIPTO BERNARDI (C)","Latitude":-34.56019,"Longitude":-58.51745,"mes_relevamiento":"Octubre","nro_reclamo":"2025-R -60072","submotivo":"ARBOL CAIDO","localidad":"VILLA MAIPU","direccion":"56 MATHEU 1100, VILLA MAIPU, General San Martin, Provincia de Buenos Aires","entrecalle_1":"67 CONSCRIPTO BERNARDI (C)","entrecalle_2":"67 CONSCRIPTO BERNARDI (C)"},"geometry":{"type":"Point","coordinates":[-58.5174451,-34.5601948]}},{"type":"Feature","properties":{"Nro. Reclamo":"2025-R -60284","SubMotivo":"ARBOL CAIDO","Localidad problema":"BILLINGHURST","Direccion":"108 CHACABUCO 6000, BILLINGHURST, General San Martin, Provincia de Buenos Aires","Entrecalle 1":"137 PRINGLES (C)","Entrecalle 2":"137 PRINGLES (C)","Latitude":-34.57499,"Longitude":-58.57841,"mes_relevamiento":"Octubre","nro_reclamo":"2025-R -60284","submotivo":"ARBOL CAIDO","localidad":"BILLINGHURST","direccion":"108 CHACABUCO 6000, BILLINGHURST, General San Martin, Provincia de Buenos Aires","entrecalle_1":"137 PRINGLES (C)","entrecalle_2":"137 PRINGLES (C)"},"geometry":{"type":"Point","coordinates":[-58.578406,-34.5749945]}},{"type":"Feature","properties":{"Nro. Reclamo":"2025-R -60287","SubMotivo":"ARBOL CAIDO","Localidad problema":"VILLA MAIPU","Direccion":"67 CONSCRIPTO BERNARDI 2000, VILLA MAIPU, General San Martin, Provincia de Buenos Aires","Entrecalle 1":"56 MATHEU (C)","Entrecalle 2":"56 MATHEU (C)","Latitude":-34.57136,"Longitude":-58.52979,"mes_relevamiento":"Octubre","nro_reclamo":"2025-R -60287","submotivo":"ARBOL CAIDO","localidad":"VILLA MAIPU","direccion":"67 CONSCRIPTO BERNARDI 2000, VILLA MAIPU, General San Martin, Provincia de Buenos Aires","entrecalle_1":"56 MATHEU (C)","entrecalle_2":"56 MATHEU (C)"},"geometry":{"type":"Point","coordinates":[-58.5297884,-34.5713602]}},{"type":"Feature","properties":{"Nro. Reclamo":"2025-R -60856","SubMotivo":"ARBOL CAIDO","Localidad problema":"VILLA BALLESTER","Direccion":"43 ROSARIO 4581, VILLA BALLESTER, General San Martin, Provincia de Buenos Aires","Entrecalle 1":"110 PUEYRREDON (C)","Entrecalle 2":"106 INT. WITCOMB (C)","Latitude":-34.53536,"Longitude":-58.53586,"mes_relevamiento":"Octubre","nro_reclamo":"2025-R -60856","submotivo":"ARBOL CAIDO","localidad":"VILLA BALLESTER","direccion":"43 ROSARIO 4581, VILLA BALLESTER, General San Martin, Provincia de Buenos Aires","entrecalle_1":"110 PUEYRREDON (C)","entrecalle_2":"106 INT. WITCOMB (C)"},"geometry":{"type":"Point","coordinates":[-58.5358598,-34.5353576]}},{"type":"Feature","properties":{"Nro. Reclamo":"2025-R -60846","SubMotivo":"ARBOL CAIDO","Localidad problema":"VILLA BALLESTER","Direccion":"142 RECONQUISTA 4510, VILLA BALLESTER, General San Martin, Provincia de Buenos Aires","Entrecalle 1":"109 1 DE AGOSTO DE 1806 (C)","Entrecalle 2":"109 1 DE AGOSTO DE 1806 (C)","Latitude":-34.55432,"Longitude":-58.57865,"mes_relevamiento":"Octubre","nro_reclamo":"2025-R -60846","submotivo":"ARBOL CAIDO","localidad":"VILLA BALLESTER","direccion":"142 RECONQUISTA 4510, VILLA BALLESTER, General San Martin, Provincia de Buenos Aires","entrecalle_1":"109 1 DE AGOSTO DE 1806 (C)","entrecalle_2":"109 1 DE AGOSTO DE 1806 (C)"},"geometry":{"type":"Point","coordinates":[-58.5786472,-34.5543217]}},{"type":"Feature","properties":{"Nro. Reclamo":"2025-R -60524","SubMotivo":"ARBOL CAIDO","Localidad problema":"VILLA LYNCH","Direccion":"103 GUTIERREZ 261, VILLA LYNCH, General San Martin, Provincia de Buenos Aires","Entrecalle 1":"4 INDALECIO GOMEZ (C)","Entrecalle 2":"6 ROSALES (C)","Latitude":-34.59603,"Longitude":-58.52675,"mes_relevamiento":"Octubre","nro_reclamo":"2025-R -60524","submotivo":"ARBOL CAIDO","localidad":"VILLA LYNCH","direccion":"103 GUTIERREZ 261, VILLA LYNCH, General San Martin, Provincia de Buenos Aires","entrecalle_1":"4 INDALECIO GOMEZ (C)","entrecalle_2":"6 ROSALES (C)"},"geometry":{"type":"Point","coordinates":[-58.5267532,-34.5960251]}},{"type":"Feature","properties":{"Nro. Reclamo":"2025-R -60767","SubMotivo":"ARBOL CAIDO","Localidad problema":"VILLA BALLESTER","Direccion":"118 LAVALLE 1899, VILLA BALLESTER, General San Martin, Provincia de Buenos Aires","Entrecalle 1":"41 ITALIA (C)","Entrecalle 2":"39 CHARLONE (C)","Latitude":-34.54286,"Longitude":-58.54861,"mes_relevamiento":"Octubre","nro_reclamo":"2025-R -60767","submotivo":"ARBOL CAIDO","localidad":"VILLA BALLESTER","direccion":"118 LAVALLE 1899, VILLA BALLESTER, General San Martin, Provincia de Buenos Aires","entrecalle_1":"41 ITALIA (C)","entrecalle_2":"39 CHARLONE (C)"},"geometry":{"type":"Point","coordinates":[-58.5486059,-34.5428618]}},{"type":"Feature","properties":{"Nro. Reclamo":"2025-R -60768","SubMotivo":"ARBOL CAIDO","Localidad problema":"VILLA BALLESTER","Direccion":"93 SAN JOSE DE FLORES 5355, VILLA BALLESTER, General San Martin, Provincia de Buenos Aires","Entrecalle 1":"130 CUBA (C)","Entrecalle 2":"126 LAFAYETTE (C)","Latitude":-34.5454,"Longitude":-58.57963,"mes_relevamiento":"Octubre","nro_reclamo":"2025-R -60768","submotivo":"ARBOL CAIDO","localidad":"VILLA BALLESTER","direccion":"93 SAN JOSE DE FLORES 5355, VILLA BALLESTER, General San Martin, Provincia de Buenos Aires","entrecalle_1":"130 CUBA (C)","entrecalle_2":"126 LAFAYETTE (C)"},"geometry":{"type":"Point","coordinates":[-58.5796262,-34.5453966]}},{"type":"Feature","properties":{"Nro. Reclamo":"2025-R -60801","SubMotivo":"ARBOL CAIDO","Localidad problema":"JOSE LEON SUAREZ","Direccion":"19 TUCUMAN 7000, JOSE LEON SUAREZ, General San Martin, Provincia de Buenos Aires","Entrecalle 1":"82 CRISOLOGO LARRALDE (D)","Entrecalle 2":"178 LAS ROSAS (C)","Latitude":-34.52939,"Longitude":-58.5734,"mes_relevamiento":"Octubre","nro_reclamo":"2025-R -60801","submotivo":"ARBOL CAIDO","localidad":"JOSE LEON SUAREZ","direccion":"19 TUCUMAN 7000, JOSE LEON SUAREZ, General San Martin, Provincia de Buenos Aires","entrecalle_1":"82 CRISOLOGO LARRALDE (D)","entrecalle_2":"178 LAS ROSAS (C)"},"geometry":{"type":"Point","coordinates":[-58.5734048,-34.529389]}},{"type":"Feature","properties":{"Nro. Reclamo":"2025-R -61025","SubMotivo":"ARBOL CAIDO","Localidad problema":"VILLA BONICH","Direccion":"96 ALSINA 4930, VILLA BONICH, General San Martin, Provincia de Buenos Aires","Entrecalle 1":"113 ALVEAR (C)","Entrecalle 2":"115 MTRO. DASSO (C)","Latitude":-34.5698,"Longitude":-58.56442,"mes_relevamiento":"Octubre","nro_reclamo":"2025-R -61025","submotivo":"ARBOL CAIDO","localidad":"VILLA BONICH","direccion":"96 ALSINA 4930, VILLA BONICH, General San Martin, Provincia de Buenos Aires","entrecalle_1":"113 ALVEAR (C)","entrecalle_2":"115 MTRO. DASSO (C)"},"geometry":{"type":"Point","coordinates":[-58.5644214,-34.5697961]}},{"type":"Feature","properties":{"Nro. Reclamo":"2025-R -61063","SubMotivo":"ARBOL CAIDO","Localidad problema":"VILLA BONICH","Direccion":"96 ALSINA 4936, VILLA BONICH, General San Martin, Provincia de Buenos Aires","Entrecalle 1":"115 MTRO. DASSO (C)","Entrecalle 2":"113 ALVEAR (C)","Latitude":-34.5698,"Longitude":-58.56445,"mes_relevamiento":"Octubre","nro_reclamo":"2025-R -61063","submotivo":"ARBOL CAIDO","localidad":"VILLA BONICH","direccion":"96 ALSINA 4936, VILLA BONICH, General San Martin, Provincia de Buenos Aires","entrecalle_1":"115 MTRO. DASSO (C)","entrecalle_2":"113 ALVEAR (C)"},"geometry":{"type":"Point","coordinates":[-58.5644479,-34.5698048]}},{"type":"Feature","properties":{"Nro. Reclamo":"2025-R -61265","SubMotivo":"ARBOL CAIDO","Localidad problema":"VILLA LYNCH","Direccion":"6 ROSALES 4000, VILLA LYNCH, General San Martin, Provincia de Buenos Aires","Entrecalle 1":"91 JUAN DE GARAY (C)","Entrecalle 2":"91 JUAN DE GARAY (C)","Latitude":-34.59298,"Longitude":-58.52318,"mes_relevamiento":"Octubre","nro_reclamo":"2025-R -61265","submotivo":"ARBOL CAIDO","localidad":"VILLA LYNCH","direccion":"6 ROSALES 4000, VILLA LYNCH, General San Martin, Provincia de Buenos Aires","entrecalle_1":"91 JUAN DE GARAY (C)","entrecalle_2":"91 JUAN DE GARAY (C)"},"geometry":{"type":"Point","coordinates":[-58.523175,-34.5929764]}},{"type":"Feature","properties":{"Nro. Reclamo":"2025-R -61271","SubMotivo":"ARBOL CAIDO","Localidad problema":"VILLA BALLESTER","Direccion":"142 RECONQUISTA 4547, VILLA BALLESTER, General San Martin, Provincia de Buenos Aires","Entrecalle 1":"107 CABILDO (C)","Entrecalle 2":"109 1 DE AGOSTO DE 1806 (C)","Latitude":-34.55441,"Longitude":-58.57912,"mes_relevamiento":"Octubre","nro_reclamo":"2025-R -61271","submotivo":"ARBOL CAIDO","localidad":"VILLA BALLESTER","direccion":"142 RECONQUISTA 4547, VILLA BALLESTER, General San Martin, Provincia de Buenos Aires","entrecalle_1":"107 CABILDO (C)","entrecalle_2":"109 1 DE AGOSTO DE 1806 (C)"},"geometry":{"type":"Point","coordinates":[-58.5791229,-34.5544113]}},{"type":"Feature","properties":{"Nro. Reclamo":"2025-R -61353","SubMotivo":"ARBOL CAIDO","Localidad problema":"VILLA BONICH","Direccion":"96 ALSINA 4936, VILLA BONICH, General San Martin, Provincia de Buenos Aires","Entrecalle 1":"115 MTRO. DASSO (C)","Entrecalle 2":"113 ALVEAR (C)","Latitude":-34.5698,"Longitude":-58.56445,"mes_relevamiento":"Octubre","nro_reclamo":"2025-R -61353","submotivo":"ARBOL CAIDO","localidad":"VILLA BONICH","direccion":"96 ALSINA 4936, VILLA BONICH, General San Martin, Provincia de Buenos Aires","entrecalle_1":"115 MTRO. DASSO (C)","entrecalle_2":"113 ALVEAR (C)"},"geometry":{"type":"Point","coordinates":[-58.5644479,-34.5698048]}},{"type":"Feature","properties":{"Nro. Reclamo":"2025-W -07135","SubMotivo":"ARBOL CAIDO","Localidad problema":"LOMA HERMOSA","Direccion":"139 TUCUMAN 7047, LOMA HERMOSA, General San Martin, Provincia de Buenos Aires","Entrecalle 1":"164 LOS CRISANTENOS (D)","Entrecalle 2":"178 LAS ROSAS (C)","Latitude":-34.5612,"Longitude":-58.59774,"mes_relevamiento":"Octubre","nro_reclamo":"2025-W -07135","submotivo":"ARBOL CAIDO","localidad":"LOMA HERMOSA","direccion":"139 TUCUMAN 7047, LOMA HERMOSA, General San Martin, Provincia de Buenos Aires","entrecalle_1":"164 LOS CRISANTENOS (D)","entrecalle_2":"178 LAS ROSAS (C)"},"geometry":{"type":"Point","coordinates":[-58.5977368,-34.5611984]}},{"type":"Feature","properties":{"Nro. Reclamo":"2025-R -61956","SubMotivo":"ARBOL CAIDO","Localidad problema":"VILLA BALLESTER","Direccion":"35 MENDOZA 4100, VILLA BALLESTER, General San Martin, Provincia de Buenos Aires","Entrecalle 1":"7 CONSTITUYENTES (C)","Entrecalle 2":"7 CONSTITUYENTES (C)","Latitude":-34.54661,"Longitude":-58.54103,"mes_relevamiento":"Octubre","nro_reclamo":"2025-R -61956","submotivo":"ARBOL CAIDO","localidad":"VILLA BALLESTER","direccion":"35 MENDOZA 4100, VILLA BALLESTER, General San Martin, Provincia de Buenos Aires","entrecalle_1":"7 CONSTITUYENTES (C)","entrecalle_2":"7 CONSTITUYENTES (C)"},"geometry":{"type":"Point","coordinates":[-58.541028,-34.546611]}},{"type":"Feature","properties":{"Nro. Reclamo":"2025-R -62071","SubMotivo":"ARBOL CAIDO","Localidad problema":"SAN ANDRES","Direccion":"64 3 DE FEBRERO 2686, SAN ANDRES, General San Martin, Provincia de Buenos Aires","Entrecalle 1":"65 JUNIN (C)","Entrecalle 2":"63 ALMAFUERTE (C)","Latitude":-34.56549,"Longitude":-58.5352,"mes_relevamiento":"Octubre","nro_reclamo":"2025-R -62071","submotivo":"ARBOL CAIDO","localidad":"SAN ANDRES","direccion":"64 3 DE FEBRERO 2686, SAN ANDRES, General San Martin, Provincia de Buenos Aires","entrecalle_1":"65 JUNIN (C)","entrecalle_2":"63 ALMAFUERTE (C)"},"geometry":{"type":"Point","coordinates":[-58.5351976,-34.5654933]}},{"type":"Feature","properties":{"Nro. Reclamo":"2025-R -56200","SubMotivo":"INUNDACIONES","Localidad problema":"VILLA MAIPU","Direccion":"1 AV. DE LOS CONSTITUYENTES 1600, VILLA MAIPU, General San Martin, Provincia de Buenos Aires","Entrecalle 1":"42 PERDRIEL (C)","Entrecalle 2":"44 AV. PTE. A. ILLIA (A)","Latitude":-34.56582,"Longitude":-58.51316,"mes_relevamiento":"Octubre","nro_reclamo":"2025-R -56200","submotivo":"INUNDACIONES","localidad":"VILLA MAIPU","direccion":"1 AV. DE LOS CONSTITUYENTES 1600, VILLA MAIPU, General San Martin, Provincia de Buenos Aires","entrecalle_1":"42 PERDRIEL (C)","entrecalle_2":"44 AV. PTE. A. ILLIA (A)"},"geometry":{"type":"Point","coordinates":[-58.5131555,-34.5658213]}},{"type":"Feature","properties":{"Nro. Reclamo":"2025-R -56201","SubMotivo":"INUNDACIONES","Localidad problema":"SAN ANDRES","Direccion":"47 CHACO 3900, SAN ANDRES, General San Martin, Provincia de Buenos Aires","Entrecalle 1":"96 BERMEJO (C)","Entrecalle 2":"100 ENTRE RIOS (C)","Latitude":-34.55078,"Longitude":-58.54199,"mes_relevamiento":"Octubre","nro_reclamo":"2025-R -56201","submotivo":"INUNDACIONES","localidad":"SAN ANDRES","direccion":"47 CHACO 3900, SAN ANDRES, General San Martin, Provincia de Buenos Aires","entrecalle_1":"96 BERMEJO (C)","entrecalle_2":"100 ENTRE RIOS (C)"},"geometry":{"type":"Point","coordinates":[-58.5419919,-34.5507819]}},{"type":"Feature","properties":{"Nro. Reclamo":"2025-R -56203","SubMotivo":"INUNDACIONES","Localidad problema":"SAN MARTIN","Direccion":"48 MORENO 4700, SAN MARTIN, General San Martin, Provincia de Buenos Aires","Entrecalle 1":"109 PASO (C)","Entrecalle 2":"111 CASTELLI (C)","Latitude":-34.5847,"Longitude":-58.54333,"mes_relevamiento":"Octubre","nro_reclamo":"2025-R -56203","submotivo":"INUNDACIONES","localidad":"SAN MARTIN","direccion":"48 MORENO 4700, SAN MARTIN, General San Martin, Provincia de Buenos Aires","entrecalle_1":"109 PASO (C)","entrecalle_2":"111 CASTELLI (C)"},"geometry":{"type":"Point","coordinates":[-58.5433348,-34.5847009]}},{"type":"Feature","properties":{"Nro. Reclamo":"2025-R -56204","SubMotivo":"INUNDACIONES","Localidad problema":"JOSE LEON SUAREZ","Direccion":"158 ALSINA 2400, JOSE LEON SUAREZ, General San Martin, Provincia de Buenos Aires","Entrecalle 1":"57 BOULEVARD BALLESTER (C)","Entrecalle 2":"55 BUENOS AIRES (C)","Latitude":-34.53492,"Longitude":-58.56684,"mes_relevamiento":"Octubre","nro_reclamo":"2025-R -56204","submotivo":"INUNDACIONES","localidad":"JOSE LEON SUAREZ","direccion":"158 ALSINA 2400, JOSE LEON SUAREZ, General San Martin, Provincia de Buenos Aires","entrecalle_1":"57 BOULEVARD BALLESTER (C)","entrecalle_2":"55 BUENOS AIRES (C)"},"geometry":{"type":"Point","coordinates":[-58.5668428,-34.5349185]}},{"type":"Feature","properties":{"Nro. Reclamo":"2025-R -56245","SubMotivo":"INUNDACIONES","Localidad problema":"VILLA MAIPU","Direccion":"42 PERDRIEL 1444, VILLA MAIPU, General San Martin, Provincia de Buenos Aires","Entrecalle 1":"113 ALVEAR (C)","Entrecalle 2":"113 ALVEAR (C)","Latitude":-34.56852,"Longitude":-58.51522,"mes_relevamiento":"Octubre","nro_reclamo":"2025-R -56245","submotivo":"INUNDACIONES","localidad":"VILLA MAIPU","direccion":"42 PERDRIEL 1444, VILLA MAIPU, General San Martin, Provincia de Buenos Aires","entrecalle_1":"113 ALVEAR (C)","entrecalle_2":"113 ALVEAR (C)"},"geometry":{"type":"Point","coordinates":[-58.5152189,-34.5685205]}},{"type":"Feature","properties":{"Nro. Reclamo":"2025-R -56247","SubMotivo":"INUNDACIONES","Localidad problema":"SAN MARTIN","Direccion":"77 SAAVEDRA 1500, SAN MARTIN, General San Martin, Provincia de Buenos Aires","Entrecalle 1":"46 LINCOLN (C)","Entrecalle 2":"46 LINCOLN (C)","Latitude":-34.57814,"Longitude":-58.52764,"mes_relevamiento":"Octubre","nro_reclamo":"2025-R -56247","submotivo":"INUNDACIONES","localidad":"SAN MARTIN","direccion":"77 SAAVEDRA 1500, SAN MARTIN, General San Martin, Provincia de Buenos Aires","entrecalle_1":"46 LINCOLN (C)","entrecalle_2":"46 LINCOLN (C)"},"geometry":{"type":"Point","coordinates":[-58.5276409,-34.5781444]}},{"type":"Feature","properties":{"Nro. Reclamo":"2025-R -56249","SubMotivo":"INUNDACIONES","Localidad problema":"SAN MARTIN","Direccion":"52 BELGRANO 3625, SAN MARTIN, General San Martin, Provincia de Buenos Aires","Entrecalle 1":"86 GUIDO SPANO (C)","Entrecalle 2":"86 GUIDO SPANO (C)","Latitude":-34.57693,"Longitude":-58.53707,"mes_relevamiento":"Octubre","nro_reclamo":"2025-R -56249","submotivo":"INUNDACIONES","localidad":"SAN MARTIN","direccion":"52 BELGRANO 3625, SAN MARTIN, General San Martin, Provincia de Buenos Aires","entrecalle_1":"86 GUIDO SPANO (C)","entrecalle_2":"86 GUIDO SPANO (C)"},"geometry":{"type":"Point","coordinates":[-58.5370708,-34.5769324]}},{"type":"Feature","properties":{"Nro. Reclamo":"2025-R -56251","SubMotivo":"INUNDACIONES","Localidad problema":"SAN MARTIN","Direccion":"42 PERDRIEL 3100, SAN MARTIN, General San Martin, Provincia de Buenos Aires","Entrecalle 1":"95 18 DE DICIEMBRE DE 1856 (C)","Entrecalle 2":"95 18 DE DICIEMBRE DE 1856 (C)","Latitude":-34.57659,"Longitude":-58.52762,"mes_relevamiento":"Octubre","nro_reclamo":"2025-R -56251","submotivo":"INUNDACIONES","localidad":"SAN MARTIN","direccion":"42 PERDRIEL 3100, SAN MARTIN, General San Martin, Provincia de Buenos Aires","entrecalle_1":"95 18 DE DICIEMBRE DE 1856 (C)","entrecalle_2":"95 18 DE DICIEMBRE DE 1856 (C)"},"geometry":{"type":"Point","coordinates":[-58.5276184,-34.5765935]}},{"type":"Feature","properties":{"Nro. Reclamo":"2025-R -56252","SubMotivo":"INUNDACIONES","Localidad problema":"SAN ANDRES","Direccion":"82 INT. ALVEAR 1900, SAN ANDRES, General San Martin, Provincia de Buenos Aires","Entrecalle 1":"57 SAN LUIS (C)","Entrecalle 2":"61 J. B. ALBERDI (C)","Latitude":-34.5534,"Longitude":-58.5353,"mes_relevamiento":"Octubre","nro_reclamo":"2025-R -56252","submotivo":"INUNDACIONES","localidad":"SAN ANDRES","direccion":"82 INT. ALVEAR 1900, SAN ANDRES, General San Martin, Provincia de Buenos Aires","entrecalle_1":"57 SAN LUIS (C)","entrecalle_2":"61 J. B. ALBERDI (C)"},"geometry":{"type":"Point","coordinates":[-58.5353043,-34.5534004]}},{"type":"Feature","properties":{"Nro. Reclamo":"2025-R -56253","SubMotivo":"INUNDACIONES","Localidad problema":"VILLA MAIPU","Direccion":"63 ALMAFUERTE 1700, VILLA MAIPU, General San Martin, Provincia de Buenos Aires","Entrecalle 1":"46 LINCOLN (C)","Entrecalle 2":"46 LINCOLN (C)","Latitude":-34.57239,"Longitude":-58.52615,"mes_relevamiento":"Octubre","nro_reclamo":"2025-R -56253","submotivo":"INUNDACIONES","localidad":"VILLA MAIPU","direccion":"63 ALMAFUERTE 1700, VILLA MAIPU, General San Martin, Provincia de Buenos Aires","entrecalle_1":"46 LINCOLN (C)","entrecalle_2":"46 LINCOLN (C)"},"geometry":{"type":"Point","coordinates":[-58.5261478,-34.5723867]}},{"type":"Feature","properties":{"Nro. Reclamo":"2025-R -56254","SubMotivo":"INUNDACIONES","Localidad problema":"JOSE LEON SUAREZ","Direccion":"107 PATAGONIA 7800, JOSE LEON SUAREZ, General San Martin, Provincia de Buenos Aires","Entrecalle 1":"184 IBARBOURU (C)","Entrecalle 2":"184 IBARBOURU (C)","Latitude":-34.54293,"Longitude":-58.59326,"mes_relevamiento":"Octubre","nro_reclamo":"2025-R -56254","submotivo":"INUNDACIONES","localidad":"JOSE LEON SUAREZ","direccion":"107 PATAGONIA 7800, JOSE LEON SUAREZ, General San Martin, Provincia de Buenos Aires","entrecalle_1":"184 IBARBOURU (C)","entrecalle_2":"184 IBARBOURU (C)"},"geometry":{"type":"Point","coordinates":[-58.593261,-34.5429252]}},{"type":"Feature","properties":{"Nro. Reclamo":"2025-R -56255","SubMotivo":"INUNDACIONES","Localidad problema":"SAN MARTIN","Direccion":"54 MITRE 5299, SAN MARTIN, General San Martin, Provincia de Buenos Aires","Entrecalle 1":"126 LAFAYETTE (C)","Entrecalle 2":"126 LAFAYETTE (C)","Latitude":-34.58691,"Longitude":-58.55034,"mes_relevamiento":"Octubre","nro_reclamo":"2025-R -56255","submotivo":"INUNDACIONES","localidad":"SAN MARTIN","direccion":"54 MITRE 5299, SAN MARTIN, General San Martin, Provincia de Buenos Aires","entrecalle_1":"126 LAFAYETTE (C)","entrecalle_2":"126 LAFAYETTE (C)"},"geometry":{"type":"Point","coordinates":[-58.5503395,-34.586915]}},{"type":"Feature","properties":{"Nro. Reclamo":"2025-R -56257","SubMotivo":"INUNDACIONES","Localidad problema":"JOSE LEON SUAREZ","Direccion":"174 CHASCOMUS 4400, JOSE LEON SUAREZ, General San Martin, Provincia de Buenos Aires","Entrecalle 1":"109 1 DE AGOSTO DE 1806 (C)","Entrecalle 2":"109 1 DE AGOSTO DE 1806 (C)","Latitude":-34.54434,"Longitude":-58.587,"mes_relevamiento":"Octubre","nro_reclamo":"2025-R -56257","submotivo":"INUNDACIONES","localidad":"JOSE LEON SUAREZ","direccion":"174 CHASCOMUS 4400, JOSE LEON SUAREZ, General San Martin, Provincia de Buenos Aires","entrecalle_1":"109 1 DE AGOSTO DE 1806 (C)","entrecalle_2":"109 1 DE AGOSTO DE 1806 (C)"},"geometry":{"type":"Point","coordinates":[-58.5869994,-34.5443432]}},{"type":"Feature","properties":{"Nro. Reclamo":"2025-R -56259","SubMotivo":"INUNDACIONES","Localidad problema":"VILLA BALLESTER","Direccion":"146 CAMPICHUELO 2900, VILLA BALLESTER, General San Martin, Provincia de Buenos Aires","Entrecalle 1":"69 SAN MARTIN (C)","Entrecalle 2":"69 SAN MARTIN (C)","Latitude":-34.54267,"Longitude":-58.56669,"mes_relevamiento":"Octubre","nro_reclamo":"2025-R -56259","submotivo":"INUNDACIONES","localidad":"VILLA BALLESTER","direccion":"146 CAMPICHUELO 2900, VILLA BALLESTER, General San Martin, Provincia de Buenos Aires","entrecalle_1":"69 SAN MARTIN (C)","entrecalle_2":"69 SAN MARTIN (C)"},"geometry":{"type":"Point","coordinates":[-58.5666862,-34.5426677]}},{"type":"Feature","properties":{"Nro. Reclamo":"2025-R -56260","SubMotivo":"INUNDACIONES","Localidad problema":"VILLA MAIPU","Direccion":"42 PERDRIEL 1100, VILLA MAIPU, General San Martin, Provincia de Buenos Aires","Entrecalle 1":"33 LAVALLE (C)","Entrecalle 2":"33 LAVALLE (C)","Latitude":-34.56676,"Longitude":-58.51228,"mes_relevamiento":"Octubre","nro_reclamo":"2025-R -56260","submotivo":"INUNDACIONES","localidad":"VILLA MAIPU","direccion":"42 PERDRIEL 1100, VILLA MAIPU, General San Martin, Provincia de Buenos Aires","entrecalle_1":"33 LAVALLE (C)","entrecalle_2":"33 LAVALLE (C)"},"geometry":{"type":"Point","coordinates":[-58.5122767,-34.5667604]}},{"type":"Feature","properties":{"Nro. Reclamo":"2025-R -56261","SubMotivo":"INUNDACIONES","Localidad problema":"VILLA BONICH","Direccion":"119 M. OCAMPO 4300, VILLA BONICH, General San Martin, Provincia de Buenos Aires","Entrecalle 1":"118 MAIPU (C)","Entrecalle 2":"118 MAIPU (C)","Latitude":-34.60173,"Longitude":-58.63549,"mes_relevamiento":"Octubre","nro_reclamo":"2025-R -56261","submotivo":"INUNDACIONES","localidad":"VILLA BONICH","direccion":"119 M. OCAMPO 4300, VILLA BONICH, General San Martin, Provincia de Buenos Aires","entrecalle_1":"118 MAIPU (C)","entrecalle_2":"118 MAIPU (C)"},"geometry":{"type":"Point","coordinates":[-58.6354941,-34.6017261]}},{"type":"Feature","properties":{"Nro. Reclamo":"2025-R -56262","SubMotivo":"INUNDACIONES","Localidad problema":"SAN MARTIN","Direccion":"77 SAAVEDRA 1500, SAN MARTIN, General San Martin, Provincia de Buenos Aires","Entrecalle 1":"42 PERDRIEL (C)","Entrecalle 2":"44 JUAREZ (C)","Latitude":-34.57814,"Longitude":-58.52764,"mes_relevamiento":"Octubre","nro_reclamo":"2025-R -56262","submotivo":"INUNDACIONES","localidad":"SAN MARTIN","direccion":"77 SAAVEDRA 1500, SAN MARTIN, General San Martin, Provincia de Buenos Aires","entrecalle_1":"42 PERDRIEL (C)","entrecalle_2":"44 JUAREZ (C)"},"geometry":{"type":"Point","coordinates":[-58.5276409,-34.5781444]}},{"type":"Feature","properties":{"Nro. Reclamo":"2025-R -56263","SubMotivo":"INUNDACIONES","Localidad problema":"JOSE LEON SUAREZ","Direccion":"107 PATAGONIA 7418, JOSE LEON SUAREZ, General San Martin, Provincia de Buenos Aires","Entrecalle 1":"77 A. STORNI (P)","Entrecalle 2":"77 A. STORNI (P)","Latitude":-34.54521,"Longitude":-58.59045,"mes_relevamiento":"Octubre","nro_reclamo":"2025-R -56263","submotivo":"INUNDACIONES","localidad":"JOSE LEON SUAREZ","direccion":"107 PATAGONIA 7418, JOSE LEON SUAREZ, General San Martin, Provincia de Buenos Aires","entrecalle_1":"77 A. STORNI (P)","entrecalle_2":"77 A. STORNI (P)"},"geometry":{"type":"Point","coordinates":[-58.5904462,-34.5452053]}},{"type":"Feature","properties":{"Nro. Reclamo":"2025-R -56264","SubMotivo":"INUNDACIONES","Localidad problema":"VILLA BALLESTER","Direccion":"148 MAR DEL PLATA 2900, VILLA BALLESTER, General San Martin, Provincia de Buenos Aires","Entrecalle 1":"113 25 DE MAYO (C)","Entrecalle 2":"115 LIB. GRAL. SAN MARTIN (C)","Latitude":-34.54193,"Longitude":-58.56755,"mes_relevamiento":"Octubre","nro_reclamo":"2025-R -56264","submotivo":"INUNDACIONES","localidad":"VILLA BALLESTER","direccion":"148 MAR DEL PLATA 2900, VILLA BALLESTER, General San Martin, Provincia de Buenos Aires","entrecalle_1":"113 25 DE MAYO (C)","entrecalle_2":"115 LIB. GRAL. SAN MARTIN (C)"},"geometry":{"type":"Point","coordinates":[-58.567552,-34.541927]}},{"type":"Feature","properties":{"Nro. Reclamo":"2025-R -56265","SubMotivo":"INUNDACIONES","Localidad problema":"VILLA BALLESTER","Direccion":"101 9 DE JULIO 3850, VILLA BALLESTER, General San Martin, Provincia de Buenos Aires","Entrecalle 1":"119 M. OCAMPO (C)","Entrecalle 2":"119 M. OCAMPO (C)","Latitude":-34.56731,"Longitude":-58.55855,"mes_relevamiento":"Octubre","nro_reclamo":"2025-R -56265","submotivo":"INUNDACIONES","localidad":"VILLA BALLESTER","direccion":"101 9 DE JULIO 3850, VILLA BALLESTER, General San Martin, Provincia de Buenos Aires","entrecalle_1":"119 M. OCAMPO (C)","entrecalle_2":"119 M. OCAMPO (C)"},"geometry":{"type":"Point","coordinates":[-58.5585479,-34.5673091]}},{"type":"Feature","properties":{"Nro. Reclamo":"2025-R -56267","SubMotivo":"INUNDACIONES","Localidad problema":"JOSE LEON SUAREZ","Direccion":"176 ZEBALLOS 809, JOSE LEON SUAREZ, General San Martin, Provincia de Buenos Aires","Entrecalle 1":"196 CALLE 5 (C)","Entrecalle 2":"198 CALLE 6 (C)","Latitude":-34.54347,"Longitude":-58.58437,"mes_relevamiento":"Octubre","nro_reclamo":"2025-R -56267","submotivo":"INUNDACIONES","localidad":"JOSE LEON SUAREZ","direccion":"176 ZEBALLOS 809, JOSE LEON SUAREZ, General San Martin, Provincia de Buenos Aires","entrecalle_1":"196 CALLE 5 (C)","entrecalle_2":"198 CALLE 6 (C)"},"geometry":{"type":"Point","coordinates":[-58.5843663,-34.5434676]}},{"type":"Feature","properties":{"Nro. Reclamo":"2025-R -56268","SubMotivo":"INUNDACIONES","Localidad problema":"VILLA BALLESTER","Direccion":"166 SANTA CRUZ 2841, VILLA BALLESTER, General San Martin, Provincia de Buenos Aires","Entrecalle 1":"69 ESMERALDA (C)","Entrecalle 2":"69 ESMERALDA (C)","Latitude":-34.53603,"Longitude":-58.57344,"mes_relevamiento":"Octubre","nro_reclamo":"2025-R -56268","submotivo":"INUNDACIONES","localidad":"VILLA BALLESTER","direccion":"166 SANTA CRUZ 2841, VILLA BALLESTER, General San Martin, Provincia de Buenos Aires","entrecalle_1":"69 ESMERALDA (C)","entrecalle_2":"69 ESMERALDA (C)"},"geometry":{"type":"Point","coordinates":[-58.5734421,-34.5360296]}},{"type":"Feature","properties":{"Nro. Reclamo":"2025-R -56270","SubMotivo":"INUNDACIONES","Localidad problema":"VILLA MAIPU","Direccion":"103 ALSINA 1600, VILLA MAIPU, General San Martin, Provincia de Buenos Aires","Entrecalle 1":"46 LINCOLN (C)","Entrecalle 2":"46 LINCOLN (C)","Latitude":-34.58533,"Longitude":-58.53808,"mes_relevamiento":"Octubre","nro_reclamo":"2025-R -56270","submotivo":"INUNDACIONES","localidad":"VILLA MAIPU","direccion":"103 ALSINA 1600, VILLA MAIPU, General San Martin, Provincia de Buenos Aires","entrecalle_1":"46 LINCOLN (C)","entrecalle_2":"46 LINCOLN (C)"},"geometry":{"type":"Point","coordinates":[-58.5380786,-34.5853283]}},{"type":"Feature","properties":{"Nro. Reclamo":"2025-R -56271","SubMotivo":"INUNDACIONES","Localidad problema":"JOSE LEON SUAREZ","Direccion":"109 1 DE AGOSTO DE 1806 4610, JOSE LEON SUAREZ, General San Martin, Provincia de Buenos Aires","Entrecalle 1":"148 BETINOTTI (P)","Entrecalle 2":"148 BETINOTTI (P)","Latitude":-34.52939,"Longitude":-58.5734,"mes_relevamiento":"Octubre","nro_reclamo":"2025-R -56271","submotivo":"INUNDACIONES","localidad":"JOSE LEON SUAREZ","direccion":"109 1 DE AGOSTO DE 1806 4610, JOSE LEON SUAREZ, General San Martin, Provincia de Buenos Aires","entrecalle_1":"148 BETINOTTI (P)","entrecalle_2":"148 BETINOTTI (P)"},"geometry":{"type":"Point","coordinates":[-58.5734048,-34.529389]}},{"type":"Feature","properties":{"Nro. Reclamo":"2025-R -56273","SubMotivo":"INUNDACIONES","Localidad problema":"VILLA MAIPU","Direccion":"44 AV. PTE. A. ILLIA 1100, VILLA MAIPU, General San Martin, Provincia de Buenos Aires","Entrecalle 1":"67 CONSCRIPTO BERNARDI (C)","Entrecalle 2":"67 CONSCRIPTO BERNARDI (C)","Latitude":-34.56582,"Longitude":-58.51316,"mes_relevamiento":"Octubre","nro_reclamo":"2025-R -56273","submotivo":"INUNDACIONES","localidad":"VILLA MAIPU","direccion":"44 AV. PTE. A. ILLIA 1100, VILLA MAIPU, General San Martin, Provincia de Buenos Aires","entrecalle_1":"67 CONSCRIPTO BERNARDI (C)","entrecalle_2":"67 CONSCRIPTO BERNARDI (C)"},"geometry":{"type":"Point","coordinates":[-58.5131555,-34.5658213]}},{"type":"Feature","properties":{"Nro. Reclamo":"2025-R -56275","SubMotivo":"INUNDACIONES","Localidad problema":"VILLA MAIPU","Direccion":"33 LAVALLE 1300, VILLA MAIPU, General San Martin, Provincia de Buenos Aires","Entrecalle 1":"50 MAIPU (C)","Entrecalle 2":"50 MAIPU (C)","Latitude":-34.56971,"Longitude":-58.51396,"mes_relevamiento":"Octubre","nro_reclamo":"2025-R -56275","submotivo":"INUNDACIONES","localidad":"VILLA MAIPU","direccion":"33 LAVALLE 1300, VILLA MAIPU, General San Martin, Provincia de Buenos Aires","entrecalle_1":"50 MAIPU (C)","entrecalle_2":"50 MAIPU (C)"},"geometry":{"type":"Point","coordinates":[-58.5139569,-34.5697088]}},{"type":"Feature","properties":{"Nro. Reclamo":"2025-R -56276","SubMotivo":"INUNDACIONES","Localidad problema":"VILLA MAIPU","Direccion":"39 OLIVEIRA CESAR 1300, VILLA MAIPU, General San Martin, Provincia de Buenos Aires","Entrecalle 1":"42 PERDRIEL (C)","Entrecalle 2":"42 PERDRIEL (C)","Latitude":-34.5711,"Longitude":-58.51612,"mes_relevamiento":"Octubre","nro_reclamo":"2025-R -56276","submotivo":"INUNDACIONES","localidad":"VILLA MAIPU","direccion":"39 OLIVEIRA CESAR 1300, VILLA MAIPU, General San Martin, Provincia de Buenos Aires","entrecalle_1":"42 PERDRIEL (C)","entrecalle_2":"42 PERDRIEL (C)"},"geometry":{"type":"Point","coordinates":[-58.5161212,-34.5711043]}},{"type":"Feature","properties":{"Nro. Reclamo":"2025-R -56278","SubMotivo":"INUNDACIONES","Localidad problema":"LOMA HERMOSA","Direccion":"111 LAS PALMAS 6300, LOMA HERMOSA, General San Martin, Provincia de Buenos Aires","Entrecalle 1":"170 LAS VIOLETAS (C)","Entrecalle 2":"170 LAS VIOLETAS (C)","Latitude":-34.5476,"Longitude":-58.59089,"mes_relevamiento":"Octubre","nro_reclamo":"2025-R -56278","submotivo":"INUNDACIONES","localidad":"LOMA HERMOSA","direccion":"111 LAS PALMAS 6300, LOMA HERMOSA, General San Martin, Provincia de Buenos Aires","entrecalle_1":"170 LAS VIOLETAS (C)","entrecalle_2":"170 LAS VIOLETAS (C)"},"geometry":{"type":"Point","coordinates":[-58.590887,-34.5475999]}},{"type":"Feature","properties":{"Nro. Reclamo":"2025-R -56279","SubMotivo":"INUNDACIONES","Localidad problema":"JOSE LEON SUAREZ","Direccion":"198 CALLE 4 3100, JOSE LEON SUAREZ, General San Martin, Provincia de Buenos Aires","Entrecalle 1":"69 SAN MARTIN (C)","Entrecalle 2":"69 SAN MARTIN (C)","Latitude":-34.53626,"Longitude":-58.59206,"mes_relevamiento":"Octubre","nro_reclamo":"2025-R -56279","submotivo":"INUNDACIONES","localidad":"JOSE LEON SUAREZ","direccion":"198 CALLE 4 3100, JOSE LEON SUAREZ, General San Martin, Provincia de Buenos Aires","entrecalle_1":"69 SAN MARTIN (C)","entrecalle_2":"69 SAN MARTIN (C)"},"geometry":{"type":"Point","coordinates":[-58.5920629,-34.5362647]}},{"type":"Feature","properties":{"Nro. Reclamo":"2025-R -56283","SubMotivo":"INUNDACIONES","Localidad problema":"SAN ANDRES","Direccion":"85 SALGUERO 2883, SAN ANDRES, General San Martin, Provincia de Buenos Aires","Entrecalle 1":"70 LA CRUJIA (C)","Entrecalle 2":"68 LIBERTAD (C)","Latitude":-34.56903,"Longitude":-58.5454,"mes_relevamiento":"Octubre","nro_reclamo":"2025-R -56283","submotivo":"INUNDACIONES","localidad":"SAN ANDRES","direccion":"85 SALGUERO 2883, SAN ANDRES, General San Martin, Provincia de Buenos Aires","entrecalle_1":"70 LA CRUJIA (C)","entrecalle_2":"68 LIBERTAD (C)"},"geometry":{"type":"Point","coordinates":[-58.5454007,-34.5690291]}},{"type":"Feature","properties":{"Nro. Reclamo":"2025-R -56297","SubMotivo":"INUNDACIONES","Localidad problema":"VILLA BALLESTER","Direccion":"148 BETINOTTI 4500, VILLA BALLESTER, General San Martin, Provincia de Buenos Aires","Entrecalle 1":"111 URQUIZA (C)","Entrecalle 2":"109 1 DE AGOSTO DE 1806 (C)","Latitude":-34.55214,"Longitude":-58.58117,"mes_relevamiento":"Octubre","nro_reclamo":"2025-R -56297","submotivo":"INUNDACIONES","localidad":"VILLA BALLESTER","direccion":"148 BETINOTTI 4500, VILLA BALLESTER, General San Martin, Provincia de Buenos Aires","entrecalle_1":"111 URQUIZA (C)","entrecalle_2":"109 1 DE AGOSTO DE 1806 (C)"},"geometry":{"type":"Point","coordinates":[-58.5811736,-34.5521353]}},{"type":"Feature","properties":{"Nro. Reclamo":"2025-R -56379","SubMotivo":"INUNDACIONES","Localidad problema":"SAN MARTIN","Direccion":"81 SARMIENTO 1620, SAN MARTIN, General San Martin, Provincia de Buenos Aires","Entrecalle 1":"44 JUAREZ (C)","Entrecalle 2":"42 PERDRIEL (C)","Latitude":-34.57859,"Longitude":-58.53076,"mes_relevamiento":"Octubre","nro_reclamo":"2025-R -56379","submotivo":"INUNDACIONES","localidad":"SAN MARTIN","direccion":"81 SARMIENTO 1620, SAN MARTIN, General San Martin, Provincia de Buenos Aires","entrecalle_1":"44 JUAREZ (C)","entrecalle_2":"42 PERDRIEL (C)"},"geometry":{"type":"Point","coordinates":[-58.5307591,-34.5785897]}},{"type":"Feature","properties":{"Nro. Reclamo":"2025-R -56865","SubMotivo":"INUNDACIONES","Localidad problema":"SAN MARTIN","Direccion":"44 JUAREZ 3209, SAN MARTIN, General San Martin, Provincia de Buenos Aires","Entrecalle 1":"77 SAAVEDRA (C)","Entrecalle 2":"79 25 DE MAYO (C)","Latitude":-34.57655,"Longitude":-58.53,"mes_relevamiento":"Octubre","nro_reclamo":"2025-R -56865","submotivo":"INUNDACIONES","localidad":"SAN MARTIN","direccion":"44 JUAREZ 3209, SAN MARTIN, General San Martin, Provincia de Buenos Aires","entrecalle_1":"77 SAAVEDRA (C)","entrecalle_2":"79 25 DE MAYO (C)"},"geometry":{"type":"Point","coordinates":[-58.5300016,-34.5765528]}},{"type":"Feature","properties":{"Nro. Reclamo":"2025-R -59034","SubMotivo":"INUNDACIONES","Localidad problema":"SAN ANDRES","Direccion":"69 BOLIVIA 3000, SAN ANDRES, General San Martin, Provincia de Buenos Aires","Entrecalle 1":"69 BOLIVIA (C)","Entrecalle 2":"70 LA CRUJIA (C)","Latitude":-34.56295,"Longitude":-58.54137,"mes_relevamiento":"Octubre","nro_reclamo":"2025-R -59034","submotivo":"INUNDACIONES","localidad":"SAN ANDRES","direccion":"69 BOLIVIA 3000, SAN ANDRES, General San Martin, Provincia de Buenos Aires","entrecalle_1":"69 BOLIVIA (C)","entrecalle_2":"70 LA CRUJIA (C)"},"geometry":{"type":"Point","coordinates":[-58.541368,-34.5629549]}},{"type":"Feature","properties":{"Nro. Reclamo":"2025-R -56553","SubMotivo":"QUEJAS","Localidad problema":"VILLA BALLESTER","Direccion":"39 CHARLONE 5712, VILLA BALLESTER, General San Martin, Provincia de Buenos Aires","Entrecalle 1":"136 ITUZAINGO (C)","Entrecalle 2":"140 PROFESOR G. SIMON (C)","Latitude":-34.53705,"Longitude":-58.55473,"mes_relevamiento":"Octubre","nro_reclamo":"2025-R -56553","submotivo":"QUEJAS","localidad":"VILLA BALLESTER","direccion":"39 CHARLONE 5712, VILLA BALLESTER, General San Martin, Provincia de Buenos Aires","entrecalle_1":"136 ITUZAINGO (C)","entrecalle_2":"140 PROFESOR G. SIMON (C)"},"geometry":{"type":"Point","coordinates":[-58.5547325,-34.5370516]}},{"type":"Feature","properties":{"Nro. Reclamo":"2025-R -56958","SubMotivo":"QUEJAS","Localidad problema":"VILLA LYNCH","Direccion":"22 RODRIGUEZ PENA 4011, VILLA LYNCH, General San Martin, Provincia de Buenos Aires","Entrecalle 1":"95 DRA. ALICIA MOREAU DE JUSTO (C)","Entrecalle 2":"97 SAN PEDRO (C)","Latitude":-34.58843,"Longitude":-58.52804,"mes_relevamiento":"Octubre","nro_reclamo":"2025-R -56958","submotivo":"QUEJAS","localidad":"VILLA LYNCH","direccion":"22 RODRIGUEZ PENA 4011, VILLA LYNCH, General San Martin, Provincia de Buenos Aires","entrecalle_1":"95 DRA. ALICIA MOREAU DE JUSTO (C)","entrecalle_2":"97 SAN PEDRO (C)"},"geometry":{"type":"Point","coordinates":[-58.5280426,-34.5884266]}},{"type":"Feature","properties":{"Nro. Reclamo":"2025-R -56799","SubMotivo":"QUEJAS","Localidad problema":"VILLA BALLESTER","Direccion":"111 URQUIZA 6100, VILLA BALLESTER, General San Martin, Provincia de Buenos Aires","Entrecalle 1":"148 MAR DEL PLATA (C)","Entrecalle 2":"148 BETINOTTI (P)","Latitude":-34.55415,"Longitude":-58.5825,"mes_relevamiento":"Octubre","nro_reclamo":"2025-R -56799","submotivo":"QUEJAS","localidad":"VILLA BALLESTER","direccion":"111 URQUIZA 6100, VILLA BALLESTER, General San Martin, Provincia de Buenos Aires","entrecalle_1":"148 MAR DEL PLATA (C)","entrecalle_2":"148 BETINOTTI (P)"},"geometry":{"type":"Point","coordinates":[-58.5825049,-34.5541477]}},{"type":"Feature","properties":{"Nro. Reclamo":"2025-R -56810","SubMotivo":"QUEJAS","Localidad problema":"VILLA BALLESTER","Direccion":"111 URQUIZA 6146, VILLA BALLESTER, General San Martin, Provincia de Buenos Aires","Entrecalle 1":"148 MAR DEL PLATA (C)","Entrecalle 2":"148 BETINOTTI (P)","Latitude":-34.55376,"Longitude":-58.58315,"mes_relevamiento":"Octubre","nro_reclamo":"2025-R -56810","submotivo":"QUEJAS","localidad":"VILLA BALLESTER","direccion":"111 URQUIZA 6146, VILLA BALLESTER, General San Martin, Provincia de Buenos Aires","entrecalle_1":"148 MAR DEL PLATA (C)","entrecalle_2":"148 BETINOTTI (P)"},"geometry":{"type":"Point","coordinates":[-58.5831495,-34.553764]}},{"type":"Feature","properties":{"Nro. Reclamo":"2025-R -57862","SubMotivo":"QUEJAS","Localidad problema":"VILLA LYNCH","Direccion":"93 DR. MANUEL A. ROUCO 1150, VILLA LYNCH, General San Martin, Provincia de Buenos Aires","Entrecalle 1":"28 VELEZ SARFIELD (C)","Entrecalle 2":"30 SOLDADO DE MALVINAS (P)","Latitude":-34.58599,"Longitude":-58.52955,"mes_relevamiento":"Octubre","nro_reclamo":"2025-R -57862","submotivo":"QUEJAS","localidad":"VILLA LYNCH","direccion":"93 DR. MANUEL A. ROUCO 1150, VILLA LYNCH, General San Martin, Provincia de Buenos Aires","entrecalle_1":"28 VELEZ SARFIELD (C)","entrecalle_2":"30 SOLDADO DE MALVINAS (P)"},"geometry":{"type":"Point","coordinates":[-58.529547,-34.5859936]}},{"type":"Feature","properties":{"Nro. Reclamo":"2025-R -58385","SubMotivo":"QUEJAS","Localidad problema":"VILLA MAIPU","Direccion":"44 AV. PTE. A. ILLIA 2547, VILLA MAIPU, General San Martin, Provincia de Buenos Aires","Entrecalle 1":"71 LAS HERAS (C)","Entrecalle 2":"49 G. HUDSON (C)","Latitude":-34.5723,"Longitude":-58.5247,"mes_relevamiento":"Octubre","nro_reclamo":"2025-R -58385","submotivo":"QUEJAS","localidad":"VILLA MAIPU","direccion":"44 AV. PTE. A. ILLIA 2547, VILLA MAIPU, General San Martin, Provincia de Buenos Aires","entrecalle_1":"71 LAS HERAS (C)","entrecalle_2":"49 G. HUDSON (C)"},"geometry":{"type":"Point","coordinates":[-58.5246962,-34.572297]}},{"type":"Feature","properties":{"Nro. Reclamo":"2024-R -30500","SubMotivo":"QUEJAS","Localidad problema":"VILLA BALLESTER","Direccion":"63 CORDOBA 4029, VILLA BALLESTER, General San Martin, Provincia de Buenos Aires","Entrecalle 1":"102 PARANA (C)","Entrecalle 2":"100 ENTRE RIOS (C)","Latitude":-34.55424,"Longitude":-58.54813,"mes_relevamiento":"Octubre","nro_reclamo":"2024-R -30500","submotivo":"QUEJAS","localidad":"VILLA BALLESTER","direccion":"63 CORDOBA 4029, VILLA BALLESTER, General San Martin, Provincia de Buenos Aires","entrecalle_1":"102 PARANA (C)","entrecalle_2":"100 ENTRE RIOS (C)"},"geometry":{"type":"Point","coordinates":[-58.548125,-34.554244]}},{"type":"Feature","properties":{"Nro. Reclamo":"2025-R -56412","SubMotivo":"QUEJAS","Localidad problema":"VILLA BALLESTER","Direccion":"91 YAPEYU 5038, VILLA BALLESTER, General San Martin, Provincia de Buenos Aires","Entrecalle 1":"120 BALCARCE (C)","Entrecalle 2":"118 NEUQUEN (C)","Latitude":-34.55674,"Longitude":-58.56547,"mes_relevamiento":"Octubre","nro_reclamo":"2025-R -56412","submotivo":"QUEJAS","localidad":"VILLA BALLESTER","direccion":"91 YAPEYU 5038, VILLA BALLESTER, General San Martin, Provincia de Buenos Aires","entrecalle_1":"120 BALCARCE (C)","entrecalle_2":"118 NEUQUEN (C)"},"geometry":{"type":"Point","coordinates":[-58.5654736,-34.5567422]}},{"type":"Feature","properties":{"Nro. Reclamo":"2025-R -56593","SubMotivo":"QUEJAS","Localidad problema":"VILLA MAIPU","Direccion":"23 BOULOGNE SUR MER 1586, VILLA MAIPU, General San Martin, Provincia de Buenos Aires","Entrecalle 1":"44 AV. PTE. A. ILLIA (A)","Entrecalle 2":"42 PERDRIEL (C)","Latitude":-34.56653,"Longitude":-58.51381,"mes_relevamiento":"Octubre","nro_reclamo":"2025-R -56593","submotivo":"QUEJAS","localidad":"VILLA MAIPU","direccion":"23 BOULOGNE SUR MER 1586, VILLA MAIPU, General San Martin, Provincia de Buenos Aires","entrecalle_1":"44 AV. PTE. A. ILLIA (A)","entrecalle_2":"42 PERDRIEL (C)"},"geometry":{"type":"Point","coordinates":[-58.5138083,-34.5665327]}},{"type":"Feature","properties":{"Nro. Reclamo":"2025-R -56526","SubMotivo":"QUEJAS","Localidad problema":"SAN MARTIN","Direccion":"44 JUAREZ 3465, SAN MARTIN, General San Martin, Provincia de Buenos Aires","Entrecalle 1":"83 YAPEYU (C)","Entrecalle 2":"81 SARMIENTO (C)","Latitude":-34.57813,"Longitude":-58.53201,"mes_relevamiento":"Octubre","nro_reclamo":"2025-R -56526","submotivo":"QUEJAS","localidad":"SAN MARTIN","direccion":"44 JUAREZ 3465, SAN MARTIN, General San Martin, Provincia de Buenos Aires","entrecalle_1":"83 YAPEYU (C)","entrecalle_2":"81 SARMIENTO (C)"},"geometry":{"type":"Point","coordinates":[-58.532009,-34.5781284]}},{"type":"Feature","properties":{"Nro. Reclamo":"2025-R -56627","SubMotivo":"QUEJAS","Localidad problema":"SAN MARTIN","Direccion":"81 SARMIENTO 1700, SAN MARTIN, General San Martin, Provincia de Buenos Aires","Entrecalle 1":"42 PERDRIEL (C)","Entrecalle 2":"44 JUAREZ (C)","Latitude":-34.55198,"Longitude":-58.53389,"mes_relevamiento":"Octubre","nro_reclamo":"2025-R -56627","submotivo":"QUEJAS","localidad":"SAN MARTIN","direccion":"81 SARMIENTO 1700, SAN MARTIN, General San Martin, Provincia de Buenos Aires","entrecalle_1":"42 PERDRIEL (C)","entrecalle_2":"44 JUAREZ (C)"},"geometry":{"type":"Point","coordinates":[-58.5338896,-34.5519751]}},{"type":"Feature","properties":{"Nro. Reclamo":"2025-R -56628","SubMotivo":"QUEJAS","Localidad problema":"SAN MARTIN","Direccion":"44 JUAREZ 3200, SAN MARTIN, General San Martin, Provincia de Buenos Aires","Entrecalle 1":"79 25 DE MAYO (C)","Entrecalle 2":"77 SAAVEDRA (C)","Latitude":-34.57648,"Longitude":-58.52971,"mes_relevamiento":"Octubre","nro_reclamo":"2025-R -56628","submotivo":"QUEJAS","localidad":"SAN MARTIN","direccion":"44 JUAREZ 3200, SAN MARTIN, General San Martin, Provincia de Buenos Aires","entrecalle_1":"79 25 DE MAYO (C)","entrecalle_2":"77 SAAVEDRA (C)"},"geometry":{"type":"Point","coordinates":[-58.5297145,-34.576479]}},{"type":"Feature","properties":{"Nro. Reclamo":"2025-R -56567","SubMotivo":"QUEJAS","Localidad problema":"SAN MARTIN","Direccion":"81 SARMIENTO 1662, SAN MARTIN, General San Martin, Provincia de Buenos Aires","Entrecalle 1":"44 JUAREZ (C)","Entrecalle 2":"42 PERDRIEL (C)","Latitude":-34.57826,"Longitude":-58.53104,"mes_relevamiento":"Octubre","nro_reclamo":"2025-R -56567","submotivo":"QUEJAS","localidad":"SAN MARTIN","direccion":"81 SARMIENTO 1662, SAN MARTIN, General San Martin, Provincia de Buenos Aires","entrecalle_1":"44 JUAREZ (C)","entrecalle_2":"42 PERDRIEL (C)"},"geometry":{"type":"Point","coordinates":[-58.5310449,-34.5782624]}},{"type":"Feature","properties":{"Nro. Reclamo":"2025-R -56750","SubMotivo":"QUEJAS","Localidad problema":"VILLA LYNCH","Direccion":"99 C. M. CUENCA 700, VILLA LYNCH, General San Martin, Provincia de Buenos Aires","Entrecalle 1":"22 RODRIGUEZ PEÑA (C)","Entrecalle 2":"18 MURATURE (C)","Latitude":-34.59627,"Longitude":-58.52404,"mes_relevamiento":"Octubre","nro_reclamo":"2025-R -56750","submotivo":"QUEJAS","localidad":"VILLA LYNCH","direccion":"99 C. M. CUENCA 700, VILLA LYNCH, General San Martin, Provincia de Buenos Aires","entrecalle_1":"22 RODRIGUEZ PEÑA (C)","entrecalle_2":"18 MURATURE (C)"},"geometry":{"type":"Point","coordinates":[-58.5240365,-34.5962747]}},{"type":"Feature","properties":{"Nro. Reclamo":"2025-R -56809","SubMotivo":"QUEJAS","Localidad problema":"VILLA LYNCH","Direccion":"28 VELEZ SARFIELD 3940, VILLA LYNCH, General San Martin, Provincia de Buenos Aires","Entrecalle 1":"93 DR. MANUEL A. ROUCO (C)","Entrecalle 2":"95 DRA. ALICIA MOREAU DE JUSTO (C)","Latitude":-34.58658,"Longitude":-58.52912,"mes_relevamiento":"Octubre","nro_reclamo":"2025-R -56809","submotivo":"QUEJAS","localidad":"VILLA LYNCH","direccion":"28 VELEZ SARFIELD 3940, VILLA LYNCH, General San Martin, Provincia de Buenos Aires","entrecalle_1":"93 DR. MANUEL A. ROUCO (C)","entrecalle_2":"95 DRA. ALICIA MOREAU DE JUSTO (C)"},"geometry":{"type":"Point","coordinates":[-58.5291167,-34.5865804]}},{"type":"Feature","properties":{"Nro. Reclamo":"2025-R -56762","SubMotivo":"QUEJAS","Localidad problema":"VILLA BALLESTER","Direccion":"138 MAIPU 3875, VILLA BALLESTER, General San Martin, Provincia de Buenos Aires","Entrecalle 1":"93 SAN JOSE DE FLORES (C)","Entrecalle 2":"95 SAN RAMON (C)","Latitude":-34.55122,"Longitude":-58.57356,"mes_relevamiento":"Octubre","nro_reclamo":"2025-R -56762","submotivo":"QUEJAS","localidad":"VILLA BALLESTER","direccion":"138 MAIPU 3875, VILLA BALLESTER, General San Martin, Provincia de Buenos Aires","entrecalle_1":"93 SAN JOSE DE FLORES (C)","entrecalle_2":"95 SAN RAMON (C)"},"geometry":{"type":"Point","coordinates":[-58.5735606,-34.5512223]}},{"type":"Feature","properties":{"Nro. Reclamo":"2025-R -56788","SubMotivo":"QUEJAS","Localidad problema":"VILLA BALLESTER","Direccion":"148 BETINOTTI 4854, VILLA BALLESTER, General San Martin, Provincia de Buenos Aires","Entrecalle 1":"111 URQUIZA (C)","Entrecalle 2":"113 25 DE MAYO (C)","Latitude":-34.55407,"Longitude":-58.58345,"mes_relevamiento":"Octubre","nro_reclamo":"2025-R -56788","submotivo":"QUEJAS","localidad":"VILLA BALLESTER","direccion":"148 BETINOTTI 4854, VILLA BALLESTER, General San Martin, Provincia de Buenos Aires","entrecalle_1":"111 URQUIZA (C)","entrecalle_2":"113 25 DE MAYO (C)"},"geometry":{"type":"Point","coordinates":[-58.5834477,-34.554072]}},{"type":"Feature","properties":{"Nro. Reclamo":"2025-R -56768","SubMotivo":"QUEJAS","Localidad problema":"SAN MARTIN","Direccion":"77 RIOBAMBA 2228, SAN MARTIN, General San Martin, Provincia de Buenos Aires","Entrecalle 1":"56 MATHEU (C)","Entrecalle 2":"58 PUEYRREDON (C)","Latitude":-34.57198,"Longitude":-58.53546,"mes_relevamiento":"Octubre","nro_reclamo":"2025-R -56768","submotivo":"QUEJAS","localidad":"SAN MARTIN","direccion":"77 RIOBAMBA 2228, SAN MARTIN, General San Martin, Provincia de Buenos Aires","entrecalle_1":"56 MATHEU (C)","entrecalle_2":"58 PUEYRREDON (C)"},"geometry":{"type":"Point","coordinates":[-58.5354646,-34.5719783]}},{"type":"Feature","properties":{"Nro. Reclamo":"2025-R -56787","SubMotivo":"QUEJAS","Localidad problema":"VILLA BALLESTER","Direccion":"130 CUBA 5116, VILLA BALLESTER, General San Martin, Provincia de Buenos Aires","Entrecalle 1":"117 AV. COLON (C)","Entrecalle 2":"119 ESPAÑA (C)","Latitude":-34.54811,"Longitude":-58.56394,"mes_relevamiento":"Octubre","nro_reclamo":"2025-R -56787","submotivo":"QUEJAS","localidad":"VILLA BALLESTER","direccion":"130 CUBA 5116, VILLA BALLESTER, General San Martin, Provincia de Buenos Aires","entrecalle_1":"117 AV. COLON (C)","entrecalle_2":"119 ESPAÑA (C)"},"geometry":{"type":"Point","coordinates":[-58.5639373,-34.5481148]}},{"type":"Feature","properties":{"Nro. Reclamo":"2025-R -57083","SubMotivo":"QUEJAS","Localidad problema":"VILLA BALLESTER","Direccion":"130 CUBA 5101, VILLA BALLESTER, General San Martin, Provincia de Buenos Aires","Entrecalle 1":"117 AV. COLON (C)","Entrecalle 2":"119 ESPAÑA (C)","Latitude":-34.54811,"Longitude":-58.56394,"mes_relevamiento":"Octubre","nro_reclamo":"2025-R -57083","submotivo":"QUEJAS","localidad":"VILLA BALLESTER","direccion":"130 CUBA 5101, VILLA BALLESTER, General San Martin, Provincia de Buenos Aires","entrecalle_1":"117 AV. COLON (C)","entrecalle_2":"119 ESPAÑA (C)"},"geometry":{"type":"Point","coordinates":[-58.5639373,-34.5481148]}},{"type":"Feature","properties":{"Nro. Reclamo":"2025-R -56946","SubMotivo":"QUEJAS","Localidad problema":"VILLA LYNCH","Direccion":"22 RODRIGUEZ PENA 4031, VILLA LYNCH, General San Martin, Provincia de Buenos Aires","Entrecalle 1":"95 DRA. ALICIA MOREAU DE JUSTO (C)","Entrecalle 2":"97 SAN PEDRO (C)","Latitude":-34.58846,"Longitude":-58.52831,"mes_relevamiento":"Octubre","nro_reclamo":"2025-R -56946","submotivo":"QUEJAS","localidad":"VILLA LYNCH","direccion":"22 RODRIGUEZ PENA 4031, VILLA LYNCH, General San Martin, Provincia de Buenos Aires","entrecalle_1":"95 DRA. ALICIA MOREAU DE JUSTO (C)","entrecalle_2":"97 SAN PEDRO (C)"},"geometry":{"type":"Point","coordinates":[-58.528314,-34.5884636]}},{"type":"Feature","properties":{"Nro. Reclamo":"2025-R -57132","SubMotivo":"QUEJAS","Localidad problema":"SAN ANDRES","Direccion":"78 SANTA ROSALIA 2600, SAN ANDRES, General San Martin, Provincia de Buenos Aires","Entrecalle 1":"61 J. B. ALBERDI (C)","Entrecalle 2":"57 SAN LUIS (C)","Latitude":-34.55931,"Longitude":-58.53962,"mes_relevamiento":"Octubre","nro_reclamo":"2025-R -57132","submotivo":"QUEJAS","localidad":"SAN ANDRES","direccion":"78 SANTA ROSALIA 2600, SAN ANDRES, General San Martin, Provincia de Buenos Aires","entrecalle_1":"61 J. B. ALBERDI (C)","entrecalle_2":"57 SAN LUIS (C)"},"geometry":{"type":"Point","coordinates":[-58.5396218,-34.5593117]}},{"type":"Feature","properties":{"Nro. Reclamo":"2025-R -57503","SubMotivo":"QUEJAS","Localidad problema":"VILLA LYNCH","Direccion":"93 DR. MANUEL A. ROUCO 1100, VILLA LYNCH, General San Martin, Provincia de Buenos Aires","Entrecalle 1":"28 VELEZ SARFIELD (C)","Entrecalle 2":"73 ISLAS MALVINAS (C)","Latitude":-34.58619,"Longitude":-58.52899,"mes_relevamiento":"Octubre","nro_reclamo":"2025-R -57503","submotivo":"QUEJAS","localidad":"VILLA LYNCH","direccion":"93 DR. MANUEL A. ROUCO 1100, VILLA LYNCH, General San Martin, Provincia de Buenos Aires","entrecalle_1":"28 VELEZ SARFIELD (C)","entrecalle_2":"73 ISLAS MALVINAS (C)"},"geometry":{"type":"Point","coordinates":[-58.5289854,-34.5861876]}},{"type":"Feature","properties":{"Nro. Reclamo":"2025-R -57761","SubMotivo":"QUEJAS","Localidad problema":"VILLA MAIPU","Direccion":"67 CONSCRIPTO BERNARDI 1904, VILLA MAIPU, General San Martin, Provincia de Buenos Aires","Entrecalle 1":"50 MAIPU (C)","Entrecalle 2":"52 ECHEVERRIA (C)","Latitude":-34.57218,"Longitude":-58.52892,"mes_relevamiento":"Octubre","nro_reclamo":"2025-R -57761","submotivo":"QUEJAS","localidad":"VILLA MAIPU","direccion":"67 CONSCRIPTO BERNARDI 1904, VILLA MAIPU, General San Martin, Provincia de Buenos Aires","entrecalle_1":"50 MAIPU (C)","entrecalle_2":"52 ECHEVERRIA (C)"},"geometry":{"type":"Point","coordinates":[-58.5289221,-34.5721775]}},{"type":"Feature","properties":{"Nro. Reclamo":"2025-R -57849","SubMotivo":"QUEJAS","Localidad problema":"SAN MARTIN","Direccion":"99 GRAL. ROCA 1812, SAN MARTIN, General San Martin, Provincia de Buenos Aires","Entrecalle 1":"46 LINCOLN (C)","Entrecalle 2":"48 MORENO (C)","Latitude":-34.58214,"Longitude":-58.53886,"mes_relevamiento":"Octubre","nro_reclamo":"2025-R -57849","submotivo":"QUEJAS","localidad":"SAN MARTIN","direccion":"99 GRAL. ROCA 1812, SAN MARTIN, General San Martin, Provincia de Buenos Aires","entrecalle_1":"46 LINCOLN (C)","entrecalle_2":"48 MORENO (C)"},"geometry":{"type":"Point","coordinates":[-58.5388617,-34.5821411]}},{"type":"Feature","properties":{"Nro. Reclamo":"2025-R -57919","SubMotivo":"QUEJAS","Localidad problema":"SAN ANDRES","Direccion":"61 CAAMANO 3100, SAN ANDRES, General San Martin, Provincia de Buenos Aires","Entrecalle 1":"76 J. M. CAMPOS (C)","Entrecalle 2":"78 SANTA ROSALIA (C)","Latitude":-34.56062,"Longitude":-58.53905,"mes_relevamiento":"Octubre","nro_reclamo":"2025-R -57919","submotivo":"QUEJAS","localidad":"SAN ANDRES","direccion":"61 CAAMANO 3100, SAN ANDRES, General San Martin, Provincia de Buenos Aires","entrecalle_1":"76 J. M. CAMPOS (C)","entrecalle_2":"78 SANTA ROSALIA (C)"},"geometry":{"type":"Point","coordinates":[-58.5390518,-34.5606217]}},{"type":"Feature","properties":{"Nro. Reclamo":"2025-R -58178","SubMotivo":"QUEJAS","Localidad problema":"VILLA LYNCH","Direccion":"93 DR. MANUEL A. ROUCO 1100, VILLA LYNCH, General San Martin, Provincia de Buenos Aires","Entrecalle 1":"30 SOLDADO DE MALVINAS (P)","Entrecalle 2":"28 VELEZ SARFIELD (C)","Latitude":-34.58619,"Longitude":-58.52899,"mes_relevamiento":"Octubre","nro_reclamo":"2025-R -58178","submotivo":"QUEJAS","localidad":"VILLA LYNCH","direccion":"93 DR. MANUEL A. ROUCO 1100, VILLA LYNCH, General San Martin, Provincia de Buenos Aires","entrecalle_1":"30 SOLDADO DE MALVINAS (P)","entrecalle_2":"28 VELEZ SARFIELD (C)"},"geometry":{"type":"Point","coordinates":[-58.5289854,-34.5861876]}},{"type":"Feature","properties":{"Nro. Reclamo":"2025-R -58435","SubMotivo":"QUEJAS","Localidad problema":"VILLA MAIPU","Direccion":"44 AV. PTE. A. ILLIA 1600, VILLA MAIPU, General San Martin, Provincia de Buenos Aires","Entrecalle 1":"35 M. T. DE ALVEAR (C)","Entrecalle 2":"47 E.C. VILLEGAS (C)","Latitude":-34.56828,"Longitude":-58.51702,"mes_relevamiento":"Octubre","nro_reclamo":"2025-R -58435","submotivo":"QUEJAS","localidad":"VILLA MAIPU","direccion":"44 AV. PTE. A. ILLIA 1600, VILLA MAIPU, General San Martin, Provincia de Buenos Aires","entrecalle_1":"35 M. T. DE ALVEAR (C)","entrecalle_2":"47 E.C. VILLEGAS (C)"},"geometry":{"type":"Point","coordinates":[-58.5170168,-34.5682841]}},{"type":"Feature","properties":{"Nro. Reclamo":"2025-R -58509","SubMotivo":"QUEJAS","Localidad problema":"SAN ANDRES","Direccion":"13 S/N 3536, SAN ANDRES, General San Martin, Provincia de Buenos Aires","Entrecalle 1":"76 J. M. CAMPOS (C)","Entrecalle 2":"88 INDEPENDENCIA (C)","Latitude":-34.56594,"Longitude":-58.5443,"mes_relevamiento":"Octubre","nro_reclamo":"2025-R -58509","submotivo":"QUEJAS","localidad":"SAN ANDRES","direccion":"13 S/N 3536, SAN ANDRES, General San Martin, Provincia de Buenos Aires","entrecalle_1":"76 J. M. CAMPOS (C)","entrecalle_2":"88 INDEPENDENCIA (C)"},"geometry":{"type":"Point","coordinates":[-58.5443017,-34.5659429]}},{"type":"Feature","properties":{"Nro. Reclamo":"2025-R -59349","SubMotivo":"QUEJAS","Localidad problema":"JOSE LEON SUAREZ","Direccion":"184 IBARBOURU 4600, JOSE LEON SUAREZ, General San Martin, Provincia de Buenos Aires","Entrecalle 1":"105 IBERA (C)","Entrecalle 2":"107 PATAGONIA (C)","Latitude":-34.54237,"Longitude":-58.5925,"mes_relevamiento":"Octubre","nro_reclamo":"2025-R -59349","submotivo":"QUEJAS","localidad":"JOSE LEON SUAREZ","direccion":"184 IBARBOURU 4600, JOSE LEON SUAREZ, General San Martin, Provincia de Buenos Aires","entrecalle_1":"105 IBERA (C)","entrecalle_2":"107 PATAGONIA (C)"},"geometry":{"type":"Point","coordinates":[-58.5924989,-34.5423715]}},{"type":"Feature","properties":{"Nro. Reclamo":"2025-R -59497","SubMotivo":"QUEJAS","Localidad problema":"SAN ANDRES","Direccion":"23 4 DE FEBRERO 3607, SAN ANDRES, General San Martin, Provincia de Buenos Aires","Entrecalle 1":"88 INDEPENDENCIA (C)","Entrecalle 2":"90 GUEMES (C)","Latitude":-34.54681,"Longitude":-58.5318,"mes_relevamiento":"Octubre","nro_reclamo":"2025-R -59497","submotivo":"QUEJAS","localidad":"SAN ANDRES","direccion":"23 4 DE FEBRERO 3607, SAN ANDRES, General San Martin, Provincia de Buenos Aires","entrecalle_1":"88 INDEPENDENCIA (C)","entrecalle_2":"90 GUEMES (C)"},"geometry":{"type":"Point","coordinates":[-58.5318042,-34.5468059]}},{"type":"Feature","properties":{"Nro. Reclamo":"2025-R -59760","SubMotivo":"QUEJAS","Localidad problema":"VILLA LYNCH","Direccion":"109 PASO 1910, VILLA LYNCH, General San Martin, Provincia de Buenos Aires","Entrecalle 1":"48 MORENO (C)","Entrecalle 2":"52 BELGRANO (C)","Latitude":-34.58403,"Longitude":-58.54302,"mes_relevamiento":"Octubre","nro_reclamo":"2025-R -59760","submotivo":"QUEJAS","localidad":"VILLA LYNCH","direccion":"109 PASO 1910, VILLA LYNCH, General San Martin, Provincia de Buenos Aires","entrecalle_1":"48 MORENO (C)","entrecalle_2":"52 BELGRANO (C)"},"geometry":{"type":"Point","coordinates":[-58.5430223,-34.5840342]}},{"type":"Feature","properties":{"Nro. Reclamo":"2025-R -59920","SubMotivo":"QUEJAS","Localidad problema":"SAN MARTIN","Direccion":"44 JUAREZ 3242, SAN MARTIN, General San Martin, Provincia de Buenos Aires","Entrecalle 1":"77 SAAVEDRA (C)","Entrecalle 2":"79 25 DE MAYO (C)","Latitude":-34.5768,"Longitude":-58.52994,"mes_relevamiento":"Octubre","nro_reclamo":"2025-R -59920","submotivo":"QUEJAS","localidad":"SAN MARTIN","direccion":"44 JUAREZ 3242, SAN MARTIN, General San Martin, Provincia de Buenos Aires","entrecalle_1":"77 SAAVEDRA (C)","entrecalle_2":"79 25 DE MAYO (C)"},"geometry":{"type":"Point","coordinates":[-58.5299449,-34.5767979]}},{"type":"Feature","properties":{"Nro. Reclamo":"2025-R -61542","SubMotivo":"QUEJAS","Localidad problema":"VILLA MAIPU","Direccion":"44 AV. PTE. A. ILLIA 2839, VILLA MAIPU, General San Martin, Provincia de Buenos Aires","Entrecalle 1":"67 CONSCRIPTO BERNARDI (C)","Entrecalle 2":"69 ITUZAINGO (C)","Latitude":-34.57411,"Longitude":-58.52705,"mes_relevamiento":"Octubre","nro_reclamo":"2025-R -61542","submotivo":"QUEJAS","localidad":"VILLA MAIPU","direccion":"44 AV. PTE. A. ILLIA 2839, VILLA MAIPU, General San Martin, Provincia de Buenos Aires","entrecalle_1":"67 CONSCRIPTO BERNARDI (C)","entrecalle_2":"69 ITUZAINGO (C)"},"geometry":{"type":"Point","coordinates":[-58.5270492,-34.5741103]}},{"type":"Feature","properties":{"Nro. Reclamo":"2025-R -59825","SubMotivo":"DESTAPACION DE SUMIDERO","Localidad problema":"SAN MARTIN","Direccion":"77 RIOBAMBA 2200, SAN MARTIN, General San Martin, Provincia de Buenos Aires","Entrecalle 1":"56 MATHEU (C)","Entrecalle 2":"56 MATHEU (C)","Latitude":-34.57243,"Longitude":-58.53488,"mes_relevamiento":"Octubre","nro_reclamo":"2025-R -59825","submotivo":"DESTAPACION DE SUMIDERO","localidad":"SAN MARTIN","direccion":"77 RIOBAMBA 2200, SAN MARTIN, General San Martin, Provincia de Buenos Aires","entrecalle_1":"56 MATHEU (C)","entrecalle_2":"56 MATHEU (C)"},"geometry":{"type":"Point","coordinates":[-58.5348758,-34.5724251]}},{"type":"Feature","properties":{"Nro. Reclamo":"2025-R -56801","SubMotivo":"REPARACION DE SUMIDERO","Localidad problema":"VILLA BALLESTER","Direccion":"111 URQUIZA 6151, VILLA BALLESTER, General San Martin, Provincia de Buenos Aires","Entrecalle 1":"148 BETINOTTI (P)","Entrecalle 2":"148 MAR DEL PLATA (C)","Latitude":-34.55374,"Longitude":-58.58262,"mes_relevamiento":"Octubre","nro_reclamo":"2025-R -56801","submotivo":"REPARACION DE SUMIDERO","localidad":"VILLA BALLESTER","direccion":"111 URQUIZA 6151, VILLA BALLESTER, General San Martin, Provincia de Buenos Aires","entrecalle_1":"148 BETINOTTI (P)","entrecalle_2":"148 MAR DEL PLATA (C)"},"geometry":{"type":"Point","coordinates":[-58.5826179,-34.5537444]}},{"type":"Feature","properties":{"Nro. Reclamo":"2025-R -57533","SubMotivo":"DESTAPACION DE SUMIDERO","Localidad problema":"VILLA BALLESTER","Direccion":"138 MAIPU 3800, VILLA BALLESTER, General San Martin, Provincia de Buenos Aires","Entrecalle 1":"95 SAN RAMON (C)","Entrecalle 2":"93 SAN JOSE DE FLORES (C)","Latitude":-34.55089,"Longitude":-58.57294,"mes_relevamiento":"Octubre","nro_reclamo":"2025-R -57533","submotivo":"DESTAPACION DE SUMIDERO","localidad":"VILLA BALLESTER","direccion":"138 MAIPU 3800, VILLA BALLESTER, General San Martin, Provincia de Buenos Aires","entrecalle_1":"95 SAN RAMON (C)","entrecalle_2":"93 SAN JOSE DE FLORES (C)"},"geometry":{"type":"Point","coordinates":[-58.5729422,-34.5508897]}},{"type":"Feature","properties":{"Nro. Reclamo":"2025-R -60193","SubMotivo":"DESTAPACION DE SUMIDERO","Localidad problema":"SAN MARTIN","Direccion":"81 SARMIENTO 1604, SAN MARTIN, General San Martin, Provincia de Buenos Aires","Entrecalle 1":"42 PERDRIEL (C)","Entrecalle 2":"42 PERDRIEL (C)","Latitude":-34.57868,"Longitude":-58.53052,"mes_relevamiento":"Octubre","nro_reclamo":"2025-R -60193","submotivo":"DESTAPACION DE SUMIDERO","localidad":"SAN MARTIN","direccion":"81 SARMIENTO 1604, SAN MARTIN, General San Martin, Provincia de Buenos Aires","entrecalle_1":"42 PERDRIEL (C)","entrecalle_2":"42 PERDRIEL (C)"},"geometry":{"type":"Point","coordinates":[-58.5305165,-34.5786757]}},{"type":"Feature","properties":{"Nro. Reclamo":"2025-W -06926","SubMotivo":"DESTAPACION DE SUMIDERO","Localidad problema":"JOSE LEON SUAREZ","Direccion":"202 CALLE 7 3953, JOSE LEON SUAREZ, General San Martin, Provincia de Buenos Aires","Entrecalle 1":"91 CALLE B (C)","Entrecalle 2":"91 CALLE B (C)","Latitude":-34.53285,"Longitude":-58.59339,"mes_relevamiento":"Octubre","nro_reclamo":"2025-W -06926","submotivo":"DESTAPACION DE SUMIDERO","localidad":"JOSE LEON SUAREZ","direccion":"202 CALLE 7 3953, JOSE LEON SUAREZ, General San Martin, Provincia de Buenos Aires","entrecalle_1":"91 CALLE B (C)","entrecalle_2":"91 CALLE B (C)"},"geometry":{"type":"Point","coordinates":[-58.5933899,-34.5328527]}},{"type":"Feature","properties":{"Nro. Reclamo":"2025-W -07077","SubMotivo":"DESTAPACION DE SUMIDERO","Localidad problema":"VILLA JOSÉ LEÓN SUÁREZ","Direccion":"190 BRIG. GRAL. J. M. DE ROSAS 2420, VILLA JOSE LEON SUAREZ, General San Martin, Provincia de Buenos Aires","Entrecalle 1":"69 DIAG.J. L. SUAREZ (D)","Entrecalle 2":"69 DIAG.J. L. SUAREZ (D)","Latitude":-34.53481,"Longitude":-58.57687,"mes_relevamiento":"Octubre","nro_reclamo":"2025-W -07077","submotivo":"DESTAPACION DE SUMIDERO","localidad":"VILLA JOSÉ LEÓN SUÁREZ","direccion":"190 BRIG. GRAL. J. M. DE ROSAS 2420, VILLA JOSE LEON SUAREZ, General San Martin, Provincia de Buenos Aires","entrecalle_1":"69 DIAG.J. L. SUAREZ (D)","entrecalle_2":"69 DIAG.J. L. SUAREZ (D)"},"geometry":{"type":"Point","coordinates":[-58.5768685,-34.5348148]}},{"type":"Feature","properties":{"Nro. Reclamo":"2025-W -06389","SubMotivo":"DESTAPACION DE SUMIDERO","Localidad problema":"VILLA JOSÉ LEÓN SUÁREZ","Direccion":"184 IBARBOURU 4195, VILLA JOSE LEON SUAREZ, General San Martin, Provincia de Buenos Aires","Entrecalle 1":"93 DEBENEDETTI (C)","Entrecalle 2":"97 E. ZEBALLOS (C)","Latitude":-34.53954,"Longitude":-58.58948,"mes_relevamiento":"Octubre","nro_reclamo":"2025-W -06389","submotivo":"DESTAPACION DE SUMIDERO","localidad":"VILLA JOSÉ LEÓN SUÁREZ","direccion":"184 IBARBOURU 4195, VILLA JOSE LEON SUAREZ, General San Martin, Provincia de Buenos Aires","entrecalle_1":"93 DEBENEDETTI (C)","entrecalle_2":"97 E. ZEBALLOS (C)"},"geometry":{"type":"Point","coordinates":[-58.5894838,-34.5395427]}},{"type":"Feature","properties":{"Nro. Reclamo":"2025-W -06441","SubMotivo":"DESTAPACION DE SUMIDERO","Localidad problema":"SAN ANDRES","Direccion":"88 INDEPENDENCIA 492, SAN ANDRES, General San Martin, Provincia de Buenos Aires","Entrecalle 1":"11 URIBURU (C)","Entrecalle 2":"9 CANESE (C)","Latitude":-34.5452,"Longitude":-58.52856,"mes_relevamiento":"Octubre","nro_reclamo":"2025-W -06441","submotivo":"DESTAPACION DE SUMIDERO","localidad":"SAN ANDRES","direccion":"88 INDEPENDENCIA 492, SAN ANDRES, General San Martin, Provincia de Buenos Aires","entrecalle_1":"11 URIBURU (C)","entrecalle_2":"9 CANESE (C)"},"geometry":{"type":"Point","coordinates":[-58.5285574,-34.5452]}},{"type":"Feature","properties":{"Nro. Reclamo":"2025-R -56220","SubMotivo":"DESTAPACION DE SUMIDERO","Localidad problema":"VILLA LYNCH","Direccion":"133 MORENO 4500, VILLA LYNCH, General San Martin, Provincia de Buenos Aires","Entrecalle 1":"105 DARDO ROCHA (C)","Entrecalle 2":"103 ALSINA (C)","Latitude":-34.58337,"Longitude":-58.54191,"mes_relevamiento":"Octubre","nro_reclamo":"2025-R -56220","submotivo":"DESTAPACION DE SUMIDERO","localidad":"VILLA LYNCH","direccion":"133 MORENO 4500, VILLA LYNCH, General San Martin, Provincia de Buenos Aires","entrecalle_1":"105 DARDO ROCHA (C)","entrecalle_2":"103 ALSINA (C)"},"geometry":{"type":"Point","coordinates":[-58.5419098,-34.5833704]}},{"type":"Feature","properties":{"Nro. Reclamo":"2025-R -56205","SubMotivo":"DESTAPACION DE SUMIDERO","Localidad problema":"JOSE LEON SUAREZ","Direccion":"158 ALSINA 2400, JOSE LEON SUAREZ, General San Martin, Provincia de Buenos Aires","Entrecalle 1":"57 BOULEVARD BALLESTER (C)","Entrecalle 2":"57 BOULEVARD BALLESTER (C)","Latitude":-34.53492,"Longitude":-58.56684,"mes_relevamiento":"Octubre","nro_reclamo":"2025-R -56205","submotivo":"DESTAPACION DE SUMIDERO","localidad":"JOSE LEON SUAREZ","direccion":"158 ALSINA 2400, JOSE LEON SUAREZ, General San Martin, Provincia de Buenos Aires","entrecalle_1":"57 BOULEVARD BALLESTER (C)","entrecalle_2":"57 BOULEVARD BALLESTER (C)"},"geometry":{"type":"Point","coordinates":[-58.5668428,-34.5349185]}},{"type":"Feature","properties":{"Nro. Reclamo":"2025-R -56208","SubMotivo":"DESTAPACION DE SUMIDERO","Localidad problema":"JOSE LEON SUAREZ","Direccion":"103 BUENOS AIRES 6502, JOSE LEON SUAREZ, General San Martin, Provincia de Buenos Aires","Entrecalle 1":"158 ALSINA (C)","Entrecalle 2":"57 BOULEVARD BALLESTER (C)","Latitude":-34.53492,"Longitude":-58.56686,"mes_relevamiento":"Octubre","nro_reclamo":"2025-R -56208","submotivo":"DESTAPACION DE SUMIDERO","localidad":"JOSE LEON SUAREZ","direccion":"103 BUENOS AIRES 6502, JOSE LEON SUAREZ, General San Martin, Provincia de Buenos Aires","entrecalle_1":"158 ALSINA (C)","entrecalle_2":"57 BOULEVARD BALLESTER (C)"},"geometry":{"type":"Point","coordinates":[-58.5668579,-34.5349208]}},{"type":"Feature","properties":{"Nro. Reclamo":"2025-R -56216","SubMotivo":"DESTAPACION DE SUMIDERO","Localidad problema":"VILLA MAIPU","Direccion":"44 AV. PTE. A. ILLIA 2700, VILLA MAIPU, General San Martin, Provincia de Buenos Aires","Entrecalle 1":"63 ALMAFUERTE (C)","Entrecalle 2":"63 ALMAFUERTE (C)","Latitude":-34.57311,"Longitude":-58.52564,"mes_relevamiento":"Octubre","nro_reclamo":"2025-R -56216","submotivo":"DESTAPACION DE SUMIDERO","localidad":"VILLA MAIPU","direccion":"44 AV. PTE. A. ILLIA 2700, VILLA MAIPU, General San Martin, Provincia de Buenos Aires","entrecalle_1":"63 ALMAFUERTE (C)","entrecalle_2":"63 ALMAFUERTE (C)"},"geometry":{"type":"Point","coordinates":[-58.5256375,-34.5731101]}},{"type":"Feature","properties":{"Nro. Reclamo":"2025-R -56237","SubMotivo":"DESTAPACION DE SUMIDERO","Localidad problema":"SAN MARTIN","Direccion":"44 JUAREZ 3300, SAN MARTIN, General San Martin, Provincia de Buenos Aires","Entrecalle 1":"79 25 DE MAYO (C)","Entrecalle 2":"79 25 DE MAYO (C)","Latitude":-34.57715,"Longitude":-58.53048,"mes_relevamiento":"Octubre","nro_reclamo":"2025-R -56237","submotivo":"DESTAPACION DE SUMIDERO","localidad":"SAN MARTIN","direccion":"44 JUAREZ 3300, SAN MARTIN, General San Martin, Provincia de Buenos Aires","entrecalle_1":"79 25 DE MAYO (C)","entrecalle_2":"79 25 DE MAYO (C)"},"geometry":{"type":"Point","coordinates":[-58.530475,-34.5771488]}},{"type":"Feature","properties":{"Nro. Reclamo":"2025-W -06478","SubMotivo":"DESTAPACION DE SUMIDERO","Localidad problema":"VILLA GRANADEROS DE SAN MARTÍN","Direccion":"13 S/N 3421, VILLA GRANADEROS DE SAN MARTIN, General San Martin, Provincia de Buenos Aires","Entrecalle 1":"76 J. M. CAMPOS (C)","Entrecalle 2":"76 J. M. CAMPOS (C)","Latitude":-34.54395,"Longitude":-58.53183,"mes_relevamiento":"Octubre","nro_reclamo":"2025-W -06478","submotivo":"DESTAPACION DE SUMIDERO","localidad":"VILLA GRANADEROS DE SAN MARTÍN","direccion":"13 S/N 3421, VILLA GRANADEROS DE SAN MARTIN, General San Martin, Provincia de Buenos Aires","entrecalle_1":"76 J. M. CAMPOS (C)","entrecalle_2":"76 J. M. CAMPOS (C)"},"geometry":{"type":"Point","coordinates":[-58.5318297,-34.5439495]}},{"type":"Feature","properties":{"Nro. Reclamo":"2025-W -06482","SubMotivo":"DESTAPACION DE SUMIDERO","Localidad problema":"VILLA JOSÉ LEÓN SUÁREZ","Direccion":"DARRAGUEIRA 2080, VILLA JOSE LEON SUAREZ, General San Martin, Provincia de Buenos Aires","Entrecalle 1":"COMBET","Entrecalle 2":"SARMIENTO","Latitude":-34.51639,"Longitude":-58.58422,"mes_relevamiento":"Octubre","nro_reclamo":"2025-W -06482","submotivo":"DESTAPACION DE SUMIDERO","localidad":"VILLA JOSÉ LEÓN SUÁREZ","direccion":"DARRAGUEIRA 2080, VILLA JOSE LEON SUAREZ, General San Martin, Provincia de Buenos Aires","entrecalle_1":"COMBET","entrecalle_2":"SARMIENTO"},"geometry":{"type":"Point","coordinates":[-58.5842157,-34.5163945]}},{"type":"Feature","properties":{"Nro. Reclamo":"2025-R -56583","SubMotivo":"DESTAPACION DE SUMIDERO","Localidad problema":"VILLA BALLESTER","Direccion":"132 MONTEVIDEO 5143, VILLA BALLESTER, General San Martin, Provincia de Buenos Aires","Entrecalle 1":"119 ESPAÑA (C)","Entrecalle 2":"117 AV. COLON (C)","Latitude":-34.56074,"Longitude":-58.57986,"mes_relevamiento":"Octubre","nro_reclamo":"2025-R -56583","submotivo":"DESTAPACION DE SUMIDERO","localidad":"VILLA BALLESTER","direccion":"132 MONTEVIDEO 5143, VILLA BALLESTER, General San Martin, Provincia de Buenos Aires","entrecalle_1":"119 ESPAÑA (C)","entrecalle_2":"117 AV. COLON (C)"},"geometry":{"type":"Point","coordinates":[-58.5798592,-34.5607367]}},{"type":"Feature","properties":{"Nro. Reclamo":"2025-W -06479","SubMotivo":"DESTAPACION DE SUMIDERO","Localidad problema":"JOSE LEON SUAREZ","Direccion":"202 CALLE 7 4008, JOSE LEON SUAREZ, General San Martin, Provincia de Buenos Aires","Entrecalle 1":"91 CALLE B (C)","Entrecalle 2":"93 DEBENEDETTI (C)","Latitude":-34.53343,"Longitude":-58.59385,"mes_relevamiento":"Octubre","nro_reclamo":"2025-W -06479","submotivo":"DESTAPACION DE SUMIDERO","localidad":"JOSE LEON SUAREZ","direccion":"202 CALLE 7 4008, JOSE LEON SUAREZ, General San Martin, Provincia de Buenos Aires","entrecalle_1":"91 CALLE B (C)","entrecalle_2":"93 DEBENEDETTI (C)"},"geometry":{"type":"Point","coordinates":[-58.5938496,-34.5334321]}},{"type":"Feature","properties":{"Nro. Reclamo":"2025-R -56443","SubMotivo":"DESTAPACION DE SUMIDERO","Localidad problema":"SAN MARTIN","Direccion":"32 ESPANA 3800, SAN MARTIN, General San Martin, Provincia de Buenos Aires","Entrecalle 1":"93 DR. MANUEL A. ROUCO (C)","Entrecalle 2":"91 SAN MARTIN (C)","Latitude":-34.58397,"Longitude":-58.53013,"mes_relevamiento":"Octubre","nro_reclamo":"2025-R -56443","submotivo":"DESTAPACION DE SUMIDERO","localidad":"SAN MARTIN","direccion":"32 ESPANA 3800, SAN MARTIN, General San Martin, Provincia de Buenos Aires","entrecalle_1":"93 DR. MANUEL A. ROUCO (C)","entrecalle_2":"91 SAN MARTIN (C)"},"geometry":{"type":"Point","coordinates":[-58.5301291,-34.5839669]}},{"type":"Feature","properties":{"Nro. Reclamo":"2025-W -06483","SubMotivo":"DESTAPACION DE SUMIDERO","Localidad problema":"Villa Ballester","Direccion":"Alsina 2573, Villa Ballester, General San Martin, Provincia de Buenos Aires","Entrecalle 1":"Lacroze","Entrecalle 2":"-","Latitude":-34.53613,"Longitude":-58.56853,"mes_relevamiento":"Octubre","nro_reclamo":"2025-W -06483","submotivo":"DESTAPACION DE SUMIDERO","localidad":"Villa Ballester","direccion":"Alsina 2573, Villa Ballester, General San Martin, Provincia de Buenos Aires","entrecalle_1":"Lacroze","entrecalle_2":"-"},"geometry":{"type":"Point","coordinates":[-58.5685317,-34.5361254]}},{"type":"Feature","properties":{"Nro. Reclamo":"2025-R -56447","SubMotivo":"DESTAPACION DE SUMIDERO","Localidad problema":"JOSE LEON SUAREZ","Direccion":"218 SERRANO 1686, JOSE LEON SUAREZ, General San Martin, Provincia de Buenos Aires","Entrecalle 1":"35 INGENIERO LUIS A. HUERGO (C)","Entrecalle 2":"33 E. MITRE (C)","Latitude":-34.5131,"Longitude":-58.5817,"mes_relevamiento":"Octubre","nro_reclamo":"2025-R -56447","submotivo":"DESTAPACION DE SUMIDERO","localidad":"JOSE LEON SUAREZ","direccion":"218 SERRANO 1686, JOSE LEON SUAREZ, General San Martin, Provincia de Buenos Aires","entrecalle_1":"35 INGENIERO LUIS A. HUERGO (C)","entrecalle_2":"33 E. MITRE (C)"},"geometry":{"type":"Point","coordinates":[-58.5816955,-34.5131018]}},{"type":"Feature","properties":{"Nro. Reclamo":"2025-R -56460","SubMotivo":"DESTAPACION DE SUMIDERO","Localidad problema":"VILLA LIBERTAD","Direccion":"68 LIBERTAD 5469, VILLA LIBERTAD, General San Martin, Provincia de Buenos Aires","Entrecalle 1":"127 CASTRO (C)","Entrecalle 2":"125 AV. EVA PERON (C)","Latitude":-34.58218,"Longitude":-58.55907,"mes_relevamiento":"Octubre","nro_reclamo":"2025-R -56460","submotivo":"DESTAPACION DE SUMIDERO","localidad":"VILLA LIBERTAD","direccion":"68 LIBERTAD 5469, VILLA LIBERTAD, General San Martin, Provincia de Buenos Aires","entrecalle_1":"127 CASTRO (C)","entrecalle_2":"125 AV. EVA PERON (C)"},"geometry":{"type":"Point","coordinates":[-58.5590743,-34.582178]}},{"type":"Feature","properties":{"Nro. Reclamo":"2025-R -56489","SubMotivo":"REPARACION DE SUMIDERO","Localidad problema":"VILLA LIBERTAD","Direccion":"125 AV. EVA PERON 2600, VILLA LIBERTAD, General San Martin, Provincia de Buenos Aires","Entrecalle 1":"66 PASAJE 66 JOSE C PAZ (P)","Entrecalle 2":"66 PASAJE 66 JOSE C PAZ (P)","Latitude":-34.58323,"Longitude":-58.5565,"mes_relevamiento":"Octubre","nro_reclamo":"2025-R -56489","submotivo":"REPARACION DE SUMIDERO","localidad":"VILLA LIBERTAD","direccion":"125 AV. EVA PERON 2600, VILLA LIBERTAD, General San Martin, Provincia de Buenos Aires","entrecalle_1":"66 PASAJE 66 JOSE C PAZ (P)","entrecalle_2":"66 PASAJE 66 JOSE C PAZ (P)"},"geometry":{"type":"Point","coordinates":[-58.5565016,-34.5832268]}},{"type":"Feature","properties":{"Nro. Reclamo":"2025-R -56513","SubMotivo":"DESTAPACION DE SUMIDERO","Localidad problema":"VILLA BALLESTER","Direccion":"93 SAN JOSE DE FLORES 5815, VILLA BALLESTER, General San Martin, Provincia de Buenos Aires","Entrecalle 1":"138 MAIPU (C)","Entrecalle 2":"50 MAIPU (C)","Latitude":-34.55071,"Longitude":-58.57306,"mes_relevamiento":"Octubre","nro_reclamo":"2025-R -56513","submotivo":"DESTAPACION DE SUMIDERO","localidad":"VILLA BALLESTER","direccion":"93 SAN JOSE DE FLORES 5815, VILLA BALLESTER, General San Martin, Provincia de Buenos Aires","entrecalle_1":"138 MAIPU (C)","entrecalle_2":"50 MAIPU (C)"},"geometry":{"type":"Point","coordinates":[-58.5730578,-34.5507089]}},{"type":"Feature","properties":{"Nro. Reclamo":"2025-W -06523","SubMotivo":"DESTAPACION DE SUMIDERO","Localidad problema":"VILLA JOSÉ LEÓN SUÁREZ","Direccion":"170 GARIBALDI 2892, VILLA JOSE LEON SUAREZ, General San Martin, Provincia de Buenos Aires","Entrecalle 1":"166 SANTA CRUZ (C)","Entrecalle 2":"SANTA CRUZ","Latitude":-34.53576,"Longitude":-58.57442,"mes_relevamiento":"Octubre","nro_reclamo":"2025-W -06523","submotivo":"DESTAPACION DE SUMIDERO","localidad":"VILLA JOSÉ LEÓN SUÁREZ","direccion":"170 GARIBALDI 2892, VILLA JOSE LEON SUAREZ, General San Martin, Provincia de Buenos Aires","entrecalle_1":"166 SANTA CRUZ (C)","entrecalle_2":"SANTA CRUZ"},"geometry":{"type":"Point","coordinates":[-58.574416,-34.535761]}},{"type":"Feature","properties":{"Nro. Reclamo":"2025-R -56752","SubMotivo":"DESTAPACION DE SUMIDERO","Localidad problema":"VILLA LYNCH","Direccion":"24 REPUBLICA DE ISRAEL 390, VILLA LYNCH, General San Martin, Provincia de Buenos Aires","Entrecalle 1":"95 PADRE M. ASHKA (C)","Entrecalle 2":"95 PADRE M. ASHKA (C)","Latitude":-34.58777,"Longitude":-58.52861,"mes_relevamiento":"Octubre","nro_reclamo":"2025-R -56752","submotivo":"DESTAPACION DE SUMIDERO","localidad":"VILLA LYNCH","direccion":"24 REPUBLICA DE ISRAEL 390, VILLA LYNCH, General San Martin, Provincia de Buenos Aires","entrecalle_1":"95 PADRE M. ASHKA (C)","entrecalle_2":"95 PADRE M. ASHKA (C)"},"geometry":{"type":"Point","coordinates":[-58.528613,-34.5877691]}},{"type":"Feature","properties":{"Nro. Reclamo":"2025-W -56786","SubMotivo":"DESTAPACION DE SUMIDERO","Localidad problema":"VILLA CORONEL JOSÉ MARÍA ZAPIOLA","Direccion":"CUBA 5110, VILLA CORONEL JOSE MARIA ZAPIOLA, General San Martin, Provincia de Buenos Aires","Entrecalle 1":"AVENIDA COLON","Entrecalle 2":"ESPAÑA","Latitude":-34.56118,"Longitude":-58.57868,"mes_relevamiento":"Octubre","nro_reclamo":"2025-W -56786","submotivo":"DESTAPACION DE SUMIDERO","localidad":"VILLA CORONEL JOSÉ MARÍA ZAPIOLA","direccion":"CUBA 5110, VILLA CORONEL JOSE MARIA ZAPIOLA, General San Martin, Provincia de Buenos Aires","entrecalle_1":"AVENIDA COLON","entrecalle_2":"ESPAÑA"},"geometry":{"type":"Point","coordinates":[-58.5786825,-34.5611838]}},{"type":"Feature","properties":{"Nro. Reclamo":"2025-R -56842","SubMotivo":"DESTAPACION DE SUMIDERO","Localidad problema":"VILLA LYNCH","Direccion":"38 H. YRIGOYEN 4352, VILLA LYNCH, General San Martin, Provincia de Buenos Aires","Entrecalle 1":"103 HEREDIA (C)","Entrecalle 2":"101 AVENIDA DR. RICARDO BALBIN (A)","Latitude":-34.586,"Longitude":-58.53651,"mes_relevamiento":"Octubre","nro_reclamo":"2025-R -56842","submotivo":"DESTAPACION DE SUMIDERO","localidad":"VILLA LYNCH","direccion":"38 H. YRIGOYEN 4352, VILLA LYNCH, General San Martin, Provincia de Buenos Aires","entrecalle_1":"103 HEREDIA (C)","entrecalle_2":"101 AVENIDA DR. RICARDO BALBIN (A)"},"geometry":{"type":"Point","coordinates":[-58.5365141,-34.5860046]}},{"type":"Feature","properties":{"Nro. Reclamo":"2025-R -56925","SubMotivo":"DESTAPACION DE SUMIDERO","Localidad problema":"SAN ANDRES","Direccion":"77 RIOBAMBA 3000, SAN ANDRES, General San Martin, Provincia de Buenos Aires","Entrecalle 1":"76 ADELINA HUE (C)","Entrecalle 2":"76 ADELINA HUE (C)","Latitude":-34.56539,"Longitude":-58.54357,"mes_relevamiento":"Octubre","nro_reclamo":"2025-R -56925","submotivo":"DESTAPACION DE SUMIDERO","localidad":"SAN ANDRES","direccion":"77 RIOBAMBA 3000, SAN ANDRES, General San Martin, Provincia de Buenos Aires","entrecalle_1":"76 ADELINA HUE (C)","entrecalle_2":"76 ADELINA HUE (C)"},"geometry":{"type":"Point","coordinates":[-58.543572,-34.5653859]}},{"type":"Feature","properties":{"Nro. Reclamo":"2025-R -56930","SubMotivo":"DESTAPACION DE SUMIDERO","Localidad problema":"VILLA MAIPU","Direccion":"44 AV. PTE. A. ILLIA 2700, VILLA MAIPU, General San Martin, Provincia de Buenos Aires","Entrecalle 1":"63 ALMAFUERTE (C)","Entrecalle 2":"63 ALMAFUERTE (C)","Latitude":-34.57311,"Longitude":-58.52564,"mes_relevamiento":"Octubre","nro_reclamo":"2025-R -56930","submotivo":"DESTAPACION DE SUMIDERO","localidad":"VILLA MAIPU","direccion":"44 AV. PTE. A. ILLIA 2700, VILLA MAIPU, General San Martin, Provincia de Buenos Aires","entrecalle_1":"63 ALMAFUERTE (C)","entrecalle_2":"63 ALMAFUERTE (C)"},"geometry":{"type":"Point","coordinates":[-58.5256375,-34.5731101]}},{"type":"Feature","properties":{"Nro. Reclamo":"2025-R -57253","SubMotivo":"DESTAPACION DE SUMIDERO","Localidad problema":"SAN ANDRES","Direccion":"13 S/N 3414, SAN ANDRES, General San Martin, Provincia de Buenos Aires","Entrecalle 1":"76 J. M. CAMPOS (D)","Entrecalle 2":"76 J. M. CAMPOS (D)","Latitude":-34.56594,"Longitude":-58.5443,"mes_relevamiento":"Octubre","nro_reclamo":"2025-R -57253","submotivo":"DESTAPACION DE SUMIDERO","localidad":"SAN ANDRES","direccion":"13 S/N 3414, SAN ANDRES, General San Martin, Provincia de Buenos Aires","entrecalle_1":"76 J. M. CAMPOS (D)","entrecalle_2":"76 J. M. CAMPOS (D)"},"geometry":{"type":"Point","coordinates":[-58.5443017,-34.5659429]}},{"type":"Feature","properties":{"Nro. Reclamo":"2025-R -57322","SubMotivo":"DESTAPACION DE SUMIDERO","Localidad problema":"VILLA BALLESTER","Direccion":"125 AV. EVA PERON 5600, VILLA BALLESTER, General San Martin, Provincia de Buenos Aires","Entrecalle 1":"101 AV. DR. RICARDO BALBIN (AV)","Entrecalle 2":"130 CUBA (C)","Latitude":-34.5623,"Longitude":-58.58277,"mes_relevamiento":"Octubre","nro_reclamo":"2025-R -57322","submotivo":"DESTAPACION DE SUMIDERO","localidad":"VILLA BALLESTER","direccion":"125 AV. EVA PERON 5600, VILLA BALLESTER, General San Martin, Provincia de Buenos Aires","entrecalle_1":"101 AV. DR. RICARDO BALBIN (AV)","entrecalle_2":"130 CUBA (C)"},"geometry":{"type":"Point","coordinates":[-58.5827706,-34.5622991]}},{"type":"Feature","properties":{"Nro. Reclamo":"2025-R -57638","SubMotivo":"DESTAPACION DE SUMIDERO","Localidad problema":"SAN MARTIN","Direccion":"91 SAN LORENZO 2261, SAN MARTIN, General San Martin, Provincia de Buenos Aires","Entrecalle 1":"56 MATHEU (C)","Entrecalle 2":"58 PUEYRREDON (C)","Latitude":-34.57563,"Longitude":-58.5403,"mes_relevamiento":"Octubre","nro_reclamo":"2025-R -57638","submotivo":"DESTAPACION DE SUMIDERO","localidad":"SAN MARTIN","direccion":"91 SAN LORENZO 2261, SAN MARTIN, General San Martin, Provincia de Buenos Aires","entrecalle_1":"56 MATHEU (C)","entrecalle_2":"58 PUEYRREDON (C)"},"geometry":{"type":"Point","coordinates":[-58.5402977,-34.5756285]}},{"type":"Feature","properties":{"Nro. Reclamo":"2025-W -06691","SubMotivo":"DESTAPACION DE SUMIDERO","Localidad problema":"SAN MARTIN","Direccion":"111 CASTELLI 1990, SAN MARTIN, General San Martin, Provincia de Buenos Aires","Entrecalle 1":"52 BELGRANO (C)","Entrecalle 2":"52 BELGRANO (C)","Latitude":-34.58415,"Longitude":-58.54459,"mes_relevamiento":"Octubre","nro_reclamo":"2025-W -06691","submotivo":"DESTAPACION DE SUMIDERO","localidad":"SAN MARTIN","direccion":"111 CASTELLI 1990, SAN MARTIN, General San Martin, Provincia de Buenos Aires","entrecalle_1":"52 BELGRANO (C)","entrecalle_2":"52 BELGRANO (C)"},"geometry":{"type":"Point","coordinates":[-58.544587,-34.5841481]}},{"type":"Feature","properties":{"Nro. Reclamo":"2025-R -58180","SubMotivo":"DESTAPACION DE SUMIDERO","Localidad problema":"VILLA LIBERTAD","Direccion":"68 LIBERTAD 5415, VILLA LIBERTAD, General San Martin, Provincia de Buenos Aires","Entrecalle 1":"125 AV. EVA PERON (C)","Entrecalle 2":"127 CASTRO (C)","Latitude":-34.58188,"Longitude":-58.55866,"mes_relevamiento":"Octubre","nro_reclamo":"2025-R -58180","submotivo":"DESTAPACION DE SUMIDERO","localidad":"VILLA LIBERTAD","direccion":"68 LIBERTAD 5415, VILLA LIBERTAD, General San Martin, Provincia de Buenos Aires","entrecalle_1":"125 AV. EVA PERON (C)","entrecalle_2":"127 CASTRO (C)"},"geometry":{"type":"Point","coordinates":[-58.5586597,-34.5818808]}},{"type":"Feature","properties":{"Nro. Reclamo":"2025-R -58182","SubMotivo":"DESTAPACION DE SUMIDERO","Localidad problema":"VILLA BONICH","Direccion":"68 LIBERTAD 5425, VILLA BONICH, General San Martin, Provincia de Buenos Aires","Entrecalle 1":"125 AV. EVA PERON (C)","Entrecalle 2":"127 CASTRO (C)","Latitude":-34.58213,"Longitude":-58.55893,"mes_relevamiento":"Octubre","nro_reclamo":"2025-R -58182","submotivo":"DESTAPACION DE SUMIDERO","localidad":"VILLA BONICH","direccion":"68 LIBERTAD 5425, VILLA BONICH, General San Martin, Provincia de Buenos Aires","entrecalle_1":"125 AV. EVA PERON (C)","entrecalle_2":"127 CASTRO (C)"},"geometry":{"type":"Point","coordinates":[-58.5589264,-34.5821313]}},{"type":"Feature","properties":{"Nro. Reclamo":"2025-R -58194","SubMotivo":"DESTAPACION DE SUMIDERO","Localidad problema":"VILLA LIBERTAD","Direccion":"68 LIBERTAD 5469, VILLA LIBERTAD, General San Martin, Provincia de Buenos Aires","Entrecalle 1":"127 CASTRO (C)","Entrecalle 2":"125 AV. EVA PERON (C)","Latitude":-34.58218,"Longitude":-58.55907,"mes_relevamiento":"Octubre","nro_reclamo":"2025-R -58194","submotivo":"DESTAPACION DE SUMIDERO","localidad":"VILLA LIBERTAD","direccion":"68 LIBERTAD 5469, VILLA LIBERTAD, General San Martin, Provincia de Buenos Aires","entrecalle_1":"127 CASTRO (C)","entrecalle_2":"125 AV. EVA PERON (C)"},"geometry":{"type":"Point","coordinates":[-58.5590743,-34.582178]}},{"type":"Feature","properties":{"Nro. Reclamo":"2025-R -58195","SubMotivo":"DESTAPACION DE SUMIDERO","Localidad problema":"JOSE LEON SUAREZ","Direccion":"69 SAN MARTIN 6400, JOSE LEON SUAREZ, General San Martin, Provincia de Buenos Aires","Entrecalle 1":"156 MARMOL (C)","Entrecalle 2":"156 MARMOL (C)","Latitude":-34.54037,"Longitude":-58.5715,"mes_relevamiento":"Octubre","nro_reclamo":"2025-R -58195","submotivo":"DESTAPACION DE SUMIDERO","localidad":"JOSE LEON SUAREZ","direccion":"69 SAN MARTIN 6400, JOSE LEON SUAREZ, General San Martin, Provincia de Buenos Aires","entrecalle_1":"156 MARMOL (C)","entrecalle_2":"156 MARMOL (C)"},"geometry":{"type":"Point","coordinates":[-58.5714952,-34.540371]}},{"type":"Feature","properties":{"Nro. Reclamo":"2025-R -58225","SubMotivo":"DESTAPACION DE SUMIDERO","Localidad problema":"VILLA BALLESTER","Direccion":"25 A. ALCORTA 2700, VILLA BALLESTER, General San Martin, Provincia de Buenos Aires","Entrecalle 1":"110 PUEYRREDON (C)","Entrecalle 2":"110 PUEYRREDON (C)","Latitude":-34.53015,"Longitude":-58.55375,"mes_relevamiento":"Octubre","nro_reclamo":"2025-R -58225","submotivo":"DESTAPACION DE SUMIDERO","localidad":"VILLA BALLESTER","direccion":"25 A. ALCORTA 2700, VILLA BALLESTER, General San Martin, Provincia de Buenos Aires","entrecalle_1":"110 PUEYRREDON (C)","entrecalle_2":"110 PUEYRREDON (C)"},"geometry":{"type":"Point","coordinates":[-58.5537489,-34.5301531]}},{"type":"Feature","properties":{"Nro. Reclamo":"2025-R -58452","SubMotivo":"DESTAPACION DE SUMIDERO","Localidad problema":"JOSE LEON SUAREZ","Direccion":"41 ITALIA 9388, JOSE LEON SUAREZ, General San Martin, Provincia de Buenos Aires","Entrecalle 1":"182 ANDRADE (D)","Entrecalle 2":"182 ANDRADE (D)","Latitude":-34.51999,"Longitude":-58.57791,"mes_relevamiento":"Octubre","nro_reclamo":"2025-R -58452","submotivo":"DESTAPACION DE SUMIDERO","localidad":"JOSE LEON SUAREZ","direccion":"41 ITALIA 9388, JOSE LEON SUAREZ, General San Martin, Provincia de Buenos Aires","entrecalle_1":"182 ANDRADE (D)","entrecalle_2":"182 ANDRADE (D)"},"geometry":{"type":"Point","coordinates":[-58.5779064,-34.5199938]}},{"type":"Feature","properties":{"Nro. Reclamo":"2025-R -58643","SubMotivo":"DESTAPACION DE SUMIDERO","Localidad problema":"VILLA LYNCH","Direccion":"83 YAPEYU 1600, VILLA LYNCH, General San Martin, Provincia de Buenos Aires","Entrecalle 1":"42 PERDRIEL (C)","Entrecalle 2":"42 PERDRIEL (C)","Latitude":-34.57938,"Longitude":-58.53102,"mes_relevamiento":"Octubre","nro_reclamo":"2025-R -58643","submotivo":"DESTAPACION DE SUMIDERO","localidad":"VILLA LYNCH","direccion":"83 YAPEYU 1600, VILLA LYNCH, General San Martin, Provincia de Buenos Aires","entrecalle_1":"42 PERDRIEL (C)","entrecalle_2":"42 PERDRIEL (C)"},"geometry":{"type":"Point","coordinates":[-58.5310178,-34.5793813]}},{"type":"Feature","properties":{"Nro. Reclamo":"2025-W -06755","SubMotivo":"DESTAPACION DE SUMIDERO","Localidad problema":"VILLA MAIPÚ","Direccion":"58 PUEYRREDON 2800, VILLA MAIPU, General San Martin, Provincia de Buenos Aires","Entrecalle 1":"67 CONSCRIPTO BERNARDI (C)","Entrecalle 2":"65 JUNIN (C)","Latitude":-34.58346,"Longitude":-58.55024,"mes_relevamiento":"Octubre","nro_reclamo":"2025-W -06755","submotivo":"DESTAPACION DE SUMIDERO","localidad":"VILLA MAIPÚ","direccion":"58 PUEYRREDON 2800, VILLA MAIPU, General San Martin, Provincia de Buenos Aires","entrecalle_1":"67 CONSCRIPTO BERNARDI (C)","entrecalle_2":"65 JUNIN (C)"},"geometry":{"type":"Point","coordinates":[-58.5502393,-34.5834631]}},{"type":"Feature","properties":{"Nro. Reclamo":"2025-R -59396","SubMotivo":"DESTAPACION DE SUMIDERO","Localidad problema":"SAN MARTIN","Direccion":"91 SAN LORENZO 2261, SAN MARTIN, General San Martin, Provincia de Buenos Aires","Entrecalle 1":"56 MATHEU (C)","Entrecalle 2":"58 PUEYRREDON (C)","Latitude":-34.57563,"Longitude":-58.5403,"mes_relevamiento":"Octubre","nro_reclamo":"2025-R -59396","submotivo":"DESTAPACION DE SUMIDERO","localidad":"SAN MARTIN","direccion":"91 SAN LORENZO 2261, SAN MARTIN, General San Martin, Provincia de Buenos Aires","entrecalle_1":"56 MATHEU (C)","entrecalle_2":"58 PUEYRREDON (C)"},"geometry":{"type":"Point","coordinates":[-58.5402977,-34.5756285]}},{"type":"Feature","properties":{"Nro. Reclamo":"2025-R -60054","SubMotivo":"DESTAPACION DE SUMIDERO","Localidad problema":"SAN MARTIN","Direccion":"46 LINCOLN 4220, SAN MARTIN, General San Martin, Provincia de Buenos Aires","Entrecalle 1":"99 GRAL. ROCA (C)","Entrecalle 2":"99 GRAL. ROCA (C)","Latitude":-34.58247,"Longitude":-58.53868,"mes_relevamiento":"Octubre","nro_reclamo":"2025-R -60054","submotivo":"DESTAPACION DE SUMIDERO","localidad":"SAN MARTIN","direccion":"46 LINCOLN 4220, SAN MARTIN, General San Martin, Provincia de Buenos Aires","entrecalle_1":"99 GRAL. ROCA (C)","entrecalle_2":"99 GRAL. ROCA (C)"},"geometry":{"type":"Point","coordinates":[-58.5386764,-34.5824702]}},{"type":"Feature","properties":{"Nro. Reclamo":"2025-W -06927","SubMotivo":"DESTAPACION DE SUMIDERO","Localidad problema":"VILLA BALLESTER","Direccion":"130 CUBA 5110, VILLA BALLESTER, General San Martin, Provincia de Buenos Aires","Entrecalle 1":"117 AV. COLON (C)","Entrecalle 2":"117 AV. COLON (C)","Latitude":-34.54811,"Longitude":-58.56394,"mes_relevamiento":"Octubre","nro_reclamo":"2025-W -06927","submotivo":"DESTAPACION DE SUMIDERO","localidad":"VILLA BALLESTER","direccion":"130 CUBA 5110, VILLA BALLESTER, General San Martin, Provincia de Buenos Aires","entrecalle_1":"117 AV. COLON (C)","entrecalle_2":"117 AV. COLON (C)"},"geometry":{"type":"Point","coordinates":[-58.5639373,-34.5481148]}},{"type":"Feature","properties":{"Nro. Reclamo":"2025-R -60890","SubMotivo":"DESTAPACION DE SUMIDERO","Localidad problema":"SAN ANDRES","Direccion":"84 INT. CASARES 2934, SAN ANDRES, General San Martin, Provincia de Buenos Aires","Entrecalle 1":"69 BOLIVIA (C)","Entrecalle 2":"71 AMERICA (C)","Latitude":-34.56017,"Longitude":-58.54544,"mes_relevamiento":"Octubre","nro_reclamo":"2025-R -60890","submotivo":"DESTAPACION DE SUMIDERO","localidad":"SAN ANDRES","direccion":"84 INT. CASARES 2934, SAN ANDRES, General San Martin, Provincia de Buenos Aires","entrecalle_1":"69 BOLIVIA (C)","entrecalle_2":"71 AMERICA (C)"},"geometry":{"type":"Point","coordinates":[-58.5454396,-34.5601743]}},{"type":"Feature","properties":{"Nro. Reclamo":"2025-W -06998","SubMotivo":"DESTAPACION DE SUMIDERO","Localidad problema":"VILLA BONICH","Direccion":"88 AZOPARDO 4898, VILLA BONICH, General San Martin, Provincia de Buenos Aires","Entrecalle 1":"113 ALVEAR (C)","Entrecalle 2":"113 ALVEAR (C)","Latitude":-34.56794,"Longitude":-58.55805,"mes_relevamiento":"Octubre","nro_reclamo":"2025-W -06998","submotivo":"DESTAPACION DE SUMIDERO","localidad":"VILLA BONICH","direccion":"88 AZOPARDO 4898, VILLA BONICH, General San Martin, Provincia de Buenos Aires","entrecalle_1":"113 ALVEAR (C)","entrecalle_2":"113 ALVEAR (C)"},"geometry":{"type":"Point","coordinates":[-58.5580493,-34.5679412]}},{"type":"Feature","properties":{"Nro. Reclamo":"2025-W -07000","SubMotivo":"DESTAPACION DE SUMIDERO","Localidad problema":"VILLA BONICH","Direccion":"88 AZOPARDO 4897, VILLA BONICH, General San Martin, Provincia de Buenos Aires","Entrecalle 1":"113 ALVEAR (C)","Entrecalle 2":"113 ALVEAR (C)","Latitude":-34.56794,"Longitude":-58.55805,"mes_relevamiento":"Octubre","nro_reclamo":"2025-W -07000","submotivo":"DESTAPACION DE SUMIDERO","localidad":"VILLA BONICH","direccion":"88 AZOPARDO 4897, VILLA BONICH, General San Martin, Provincia de Buenos Aires","entrecalle_1":"113 ALVEAR (C)","entrecalle_2":"113 ALVEAR (C)"},"geometry":{"type":"Point","coordinates":[-58.5580493,-34.5679412]}},{"type":"Feature","properties":{"Nro. Reclamo":"2025-R -61419","SubMotivo":"DESTAPACION DE SUMIDERO","Localidad problema":"VILLA MAIPU","Direccion":"42 PERDRIEL 1211, VILLA MAIPU, General San Martin, Provincia de Buenos Aires","Entrecalle 1":"23 BOULOGNE SUR MER (C)","Entrecalle 2":"23 BOULOGNE SUR MER (C)","Latitude":-34.56716,"Longitude":-58.51337,"mes_relevamiento":"Octubre","nro_reclamo":"2025-R -61419","submotivo":"DESTAPACION DE SUMIDERO","localidad":"VILLA MAIPU","direccion":"42 PERDRIEL 1211, VILLA MAIPU, General San Martin, Provincia de Buenos Aires","entrecalle_1":"23 BOULOGNE SUR MER (C)","entrecalle_2":"23 BOULOGNE SUR MER (C)"},"geometry":{"type":"Point","coordinates":[-58.5133703,-34.5671564]}},{"type":"Feature","properties":{"Nro. Reclamo":"2025-W -07058","SubMotivo":"DESTAPACION DE SUMIDERO","Localidad problema":"SAN MARTÍN","Direccion":"81 SARMIENTO 1620, SAN MARTIN, General San Martin, Provincia de Buenos Aires","Entrecalle 1":"44 JUAREZ (C)","Entrecalle 2":"44 JUAREZ (C)","Latitude":-34.57859,"Longitude":-58.53076,"mes_relevamiento":"Octubre","nro_reclamo":"2025-W -07058","submotivo":"DESTAPACION DE SUMIDERO","localidad":"SAN MARTÍN","direccion":"81 SARMIENTO 1620, SAN MARTIN, General San Martin, Provincia de Buenos Aires","entrecalle_1":"44 JUAREZ (C)","entrecalle_2":"44 JUAREZ (C)"},"geometry":{"type":"Point","coordinates":[-58.5307591,-34.5785897]}},{"type":"Feature","properties":{"Nro. Reclamo":"2025-W -07053","SubMotivo":"DESTAPACION DE SUMIDERO","Localidad problema":"VILLA BALLESTER","Direccion":"25 A. ALCORTA 4400, VILLA BALLESTER, General San Martin, Provincia de Buenos Aires","Entrecalle 1":"106 INT. WITCOMB (C)","Entrecalle 2":"110 PUEYRREDON (C)","Latitude":-34.5421,"Longitude":-58.54019,"mes_relevamiento":"Octubre","nro_reclamo":"2025-W -07053","submotivo":"DESTAPACION DE SUMIDERO","localidad":"VILLA BALLESTER","direccion":"25 A. ALCORTA 4400, VILLA BALLESTER, General San Martin, Provincia de Buenos Aires","entrecalle_1":"106 INT. WITCOMB (C)","entrecalle_2":"110 PUEYRREDON (C)"},"geometry":{"type":"Point","coordinates":[-58.5401907,-34.5420977]}},{"type":"Feature","properties":{"Nro. Reclamo":"2025-W -61673","SubMotivo":"DESTAPACION DE SUMIDERO","Localidad problema":"VILLA BALLESTER","Direccion":"130 CUBA 5110, VILLA BALLESTER, General San Martin, Provincia de Buenos Aires","Entrecalle 1":"117 AV. COLON (C)","Entrecalle 2":"117 AV. COLON (C)","Latitude":-34.54811,"Longitude":-58.56394,"mes_relevamiento":"Octubre","nro_reclamo":"2025-W -61673","submotivo":"DESTAPACION DE SUMIDERO","localidad":"VILLA BALLESTER","direccion":"130 CUBA 5110, VILLA BALLESTER, General San Martin, Provincia de Buenos Aires","entrecalle_1":"117 AV. COLON (C)","entrecalle_2":"117 AV. COLON (C)"},"geometry":{"type":"Point","coordinates":[-58.5639373,-34.5481148]}},{"type":"Feature","properties":{"Nro. Reclamo":"2025-R -61746","SubMotivo":"DESTAPACION DE SUMIDERO","Localidad problema":"SAN MARTIN","Direccion":"95 CASEROS 2300, SAN MARTIN, General San Martin, Provincia de Buenos Aires","Entrecalle 1":"58 PUEYRREDON (C)","Entrecalle 2":"58 PUEYRREDON (C)","Latitude":-34.57663,"Longitude":-58.54233,"mes_relevamiento":"Octubre","nro_reclamo":"2025-R -61746","submotivo":"DESTAPACION DE SUMIDERO","localidad":"SAN MARTIN","direccion":"95 CASEROS 2300, SAN MARTIN, General San Martin, Provincia de Buenos Aires","entrecalle_1":"58 PUEYRREDON (C)","entrecalle_2":"58 PUEYRREDON (C)"},"geometry":{"type":"Point","coordinates":[-58.5423331,-34.5766338]}},{"type":"Feature","properties":{"Nro. Reclamo":"2025-W -07154","SubMotivo":"DESTAPACION DE SUMIDERO","Localidad problema":"VILLA LYNCH","Direccion":"95 PADRE M. ASHKA 600, VILLA LYNCH, General San Martin, Provincia de Buenos Aires","Entrecalle 1":"14 ESPORA (C)","Entrecalle 2":"14 ESPORA (C)","Latitude":-34.61167,"Longitude":-58.51365,"mes_relevamiento":"Octubre","nro_reclamo":"2025-W -07154","submotivo":"DESTAPACION DE SUMIDERO","localidad":"VILLA LYNCH","direccion":"95 PADRE M. ASHKA 600, VILLA LYNCH, General San Martin, Provincia de Buenos Aires","entrecalle_1":"14 ESPORA (C)","entrecalle_2":"14 ESPORA (C)"},"geometry":{"type":"Point","coordinates":[-58.513652,-34.6116705]}},{"type":"Feature","properties":{"Nro. Reclamo":"2025-R -61818","SubMotivo":"DESTAPACION DE SUMIDERO","Localidad problema":"JOSE LEON SUAREZ","Direccion":"190 CALLE 3 4100, JOSE LEON SUAREZ, General San Martin, Provincia de Buenos Aires","Entrecalle 1":"93 DEBENEDETTI (C)","Entrecalle 2":"93 DEBENEDETTI (C)","Latitude":-34.53695,"Longitude":-58.59113,"mes_relevamiento":"Octubre","nro_reclamo":"2025-R -61818","submotivo":"DESTAPACION DE SUMIDERO","localidad":"JOSE LEON SUAREZ","direccion":"190 CALLE 3 4100, JOSE LEON SUAREZ, General San Martin, Provincia de Buenos Aires","entrecalle_1":"93 DEBENEDETTI (C)","entrecalle_2":"93 DEBENEDETTI (C)"},"geometry":{"type":"Point","coordinates":[-58.5911348,-34.536952]}},{"type":"Feature","properties":{"Nro. Reclamo":"2025-R -61915","SubMotivo":"DESTAPACION DE SUMIDERO","Localidad problema":"SAN MARTIN","Direccion":"122 GRAL. ROCA 1767, SAN MARTIN, General San Martin, Provincia de Buenos Aires","Entrecalle 1":"46 LINCOLN (C)","Entrecalle 2":"46 LINCOLN (C)","Latitude":-34.58236,"Longitude":-58.53818,"mes_relevamiento":"Octubre","nro_reclamo":"2025-R -61915","submotivo":"DESTAPACION DE SUMIDERO","localidad":"SAN MARTIN","direccion":"122 GRAL. ROCA 1767, SAN MARTIN, General San Martin, Provincia de Buenos Aires","entrecalle_1":"46 LINCOLN (C)","entrecalle_2":"46 LINCOLN (C)"},"geometry":{"type":"Point","coordinates":[-58.5381767,-34.5823555]}},{"type":"Feature","properties":{"Nro. Reclamo":"2025-R -61960","SubMotivo":"REPARACION DE SUMIDERO","Localidad problema":"VILLA BALLESTER","Direccion":"130 CUBA 5111, VILLA BALLESTER, General San Martin, Provincia de Buenos Aires","Entrecalle 1":"117 AV. COLON (C)","Entrecalle 2":"117 AV. COLON (C)","Latitude":-34.54811,"Longitude":-58.56394,"mes_relevamiento":"Octubre","nro_reclamo":"2025-R -61960","submotivo":"REPARACION DE SUMIDERO","localidad":"VILLA BALLESTER","direccion":"130 CUBA 5111, VILLA BALLESTER, General San Martin, Provincia de Buenos Aires","entrecalle_1":"117 AV. COLON (C)","entrecalle_2":"117 AV. COLON (C)"},"geometry":{"type":"Point","coordinates":[-58.5639373,-34.5481148]}}]}