{"type":"FeatureCollection","name":"reclamos-diciembre","crs":{"type":"name","properties":{"name":"urn:ogc:def:crs:OGC:1.3:CRS84"}},"features":[{"type":"Feature","properties":{"Nro. Reclamo":"2026-R -02350","SubMotivo":"ARBOL CAIDO","Localidad problema":"JOSE LEON SUAREZ","Direccion":"103 CHACO 6750, JOSE LEON SUAREZ, General San Martin, Provincia de Buenos Aires","Entrecalle 1":"172 LA PAMPA (D)","Entrecalle 2":"162 S/N (P)","Latitude":-34.54835,"Longitude":-58.58467,"mes_relevamiento":"Diciembre","nro_reclamo":"2026-R -02350","submotivo":"ARBOL CAIDO","localidad":"JOSE LEON SUAREZ","direccion":"103 CHACO 6750, JOSE LEON SUAREZ, General San Martin, Provincia de Buenos Aires","entrecalle_1":"172 LA PAMPA (D)","entrecalle_2":"162 S/N (P)"},"geometry":{"type":"Point","coordinates":[-58.5846661,-34.5483451]}},{"type":"Feature","properties":{"Nro. Reclamo":"2026-R -02355","SubMotivo":"ARBOL CAIDO","Localidad problema":"JOSE LEON SUAREZ","Direccion":"168 IGUAZU 4500, JOSE LEON SUAREZ, General San Martin, Provincia de Buenos Aires","Entrecalle 1":"168 RIO DE LA PLATA (P)","Entrecalle 2":"172 BUENOS AIRES (C)","Latitude":-34.54673,"Longitude":-58.58575,"mes_relevamiento":"Diciembre","nro_reclamo":"2026-R -02355","submotivo":"ARBOL CAIDO","localidad":"JOSE LEON SUAREZ","direccion":"168 IGUAZU 4500, JOSE LEON SUAREZ, General San Martin, Provincia de Buenos Aires","entrecalle_1":"168 RIO DE LA PLATA (P)","entrecalle_2":"172 BUENOS AIRES (C)"},"geometry":{"type":"Point","coordinates":[-58.5857455,-34.5467343]}},{"type":"Feature","properties":{"Nro. Reclamo":"2025-R -67905","SubMotivo":"ARBOL CAIDO","Localidad problema":"LOMA HERMOSA","Direccion":"109 LOS EUCALIPTUS 6554, LOMA HERMOSA, General San Martin, Provincia de Buenos Aires","Entrecalle 1":"111 LAS PALMAS (C)","Entrecalle 2":"162 EL JAZMIN (C)","Latitude":-34.55042,"Longitude":-58.58599,"mes_relevamiento":"Diciembre","nro_reclamo":"2025-R -67905","submotivo":"ARBOL CAIDO","localidad":"LOMA HERMOSA","direccion":"109 LOS EUCALIPTUS 6554, LOMA HERMOSA, General San Martin, Provincia de Buenos Aires","entrecalle_1":"111 LAS PALMAS (C)","entrecalle_2":"162 EL JAZMIN (C)"},"geometry":{"type":"Point","coordinates":[-58.5859877,-34.5504244]}},{"type":"Feature","properties":{"Nro. Reclamo":"2025-R -67888","SubMotivo":"ARBOL CAIDO","Localidad problema":"LOMA HERMOSA","Direccion":"109 LOS EUCALIPTUS 6454, LOMA HERMOSA, General San Martin, Provincia de Buenos Aires","Entrecalle 1":"111 LAS PALMAS (C)","Entrecalle 2":"162 EL JAZMIN (C)","Latitude":-34.55108,"Longitude":-58.58595,"mes_relevamiento":"Diciembre","nro_reclamo":"2025-R -67888","submotivo":"ARBOL CAIDO","localidad":"LOMA HERMOSA","direccion":"109 LOS EUCALIPTUS 6454, LOMA HERMOSA, General San Martin, Provincia de Buenos Aires","entrecalle_1":"111 LAS PALMAS (C)","entrecalle_2":"162 EL JAZMIN (C)"},"geometry":{"type":"Point","coordinates":[-58.5859547,-34.5510769]}},{"type":"Feature","properties":{"Nro. Reclamo":"2025-R -68082","SubMotivo":"ARBOL CAIDO","Localidad problema":"VILLA LYNCH","Direccion":"28 VELEZ SARFIELD 4188, VILLA LYNCH, General San Martin, Provincia de Buenos Aires","Entrecalle 1":"97 VICTORINO DE LA PLAZA (C)","Entrecalle 2":"101 C. M. CUENCA (C)","Latitude":-34.5879,"Longitude":-58.53146,"mes_relevamiento":"Diciembre","nro_reclamo":"2025-R -68082","submotivo":"ARBOL CAIDO","localidad":"VILLA LYNCH","direccion":"28 VELEZ SARFIELD 4188, VILLA LYNCH, General San Martin, Provincia de Buenos Aires","entrecalle_1":"97 VICTORINO DE LA PLAZA (C)","entrecalle_2":"101 C. M. CUENCA (C)"},"geometry":{"type":"Point","coordinates":[-58.5314628,-34.5879001]}},{"type":"Feature","properties":{"Nro. Reclamo":"2026-R -00875","SubMotivo":"ARBOL CAIDO","Localidad problema":"JOSE LEON SUAREZ","Direccion":"166 SANTA CRUZ 1625, JOSE LEON SUAREZ, General San Martin, Provincia de Buenos Aires","Entrecalle 1":"33 CAPDEVILA (C)","Entrecalle 2":"35 CHIVILCOY (C)","Latitude":-34.52747,"Longitude":-58.56383,"mes_relevamiento":"Diciembre","nro_reclamo":"2026-R -00875","submotivo":"ARBOL CAIDO","localidad":"JOSE LEON SUAREZ","direccion":"166 SANTA CRUZ 1625, JOSE LEON SUAREZ, General San Martin, Provincia de Buenos Aires","entrecalle_1":"33 CAPDEVILA (C)","entrecalle_2":"35 CHIVILCOY (C)"},"geometry":{"type":"Point","coordinates":[-58.5638315,-34.5274729]}},{"type":"Feature","properties":{"Nro. Reclamo":"2025-R -65866","SubMotivo":"ARBOL CAIDO","Localidad problema":"SAN MARTIN","Direccion":"79 AYACUCHO 2111, SAN MARTIN, General San Martin, Provincia de Buenos Aires","Entrecalle 1":"54 MITRE (C)","Entrecalle 2":"56 MATHEU (C)","Latitude":-34.57345,"Longitude":-58.53474,"mes_relevamiento":"Diciembre","nro_reclamo":"2025-R -65866","submotivo":"ARBOL CAIDO","localidad":"SAN MARTIN","direccion":"79 AYACUCHO 2111, SAN MARTIN, General San Martin, Provincia de Buenos Aires","entrecalle_1":"54 MITRE (C)","entrecalle_2":"56 MATHEU (C)"},"geometry":{"type":"Point","coordinates":[-58.5347389,-34.5734488]}},{"type":"Feature","properties":{"Nro. Reclamo":"2025-R -67208","SubMotivo":"ARBOL CAIDO","Localidad problema":"VILLA BALLESTER","Direccion":"47 COMBET 5014, VILLA BALLESTER, General San Martin, Provincia de Buenos Aires","Entrecalle 1":"104 LA PAZ (P)","Entrecalle 2":"118 LAVALLE (C)","Latitude":-34.54415,"Longitude":-58.55042,"mes_relevamiento":"Diciembre","nro_reclamo":"2025-R -67208","submotivo":"ARBOL CAIDO","localidad":"VILLA BALLESTER","direccion":"47 COMBET 5014, VILLA BALLESTER, General San Martin, Provincia de Buenos Aires","entrecalle_1":"104 LA PAZ (P)","entrecalle_2":"118 LAVALLE (C)"},"geometry":{"type":"Point","coordinates":[-58.5504198,-34.5441461]}},{"type":"Feature","properties":{"Nro. Reclamo":"2025-R -67414","SubMotivo":"ARBOL CAIDO","Localidad problema":"VILLA BALLESTER","Direccion":"57 BOULEVARD BALLESTER 6600, VILLA BALLESTER, General San Martin, Provincia de Buenos Aires","Entrecalle 1":"162 RAWSON (C)","Entrecalle 2":"158 ALSINA (C)","Latitude":-34.5353,"Longitude":-58.56856,"mes_relevamiento":"Diciembre","nro_reclamo":"2025-R -67414","submotivo":"ARBOL CAIDO","localidad":"VILLA BALLESTER","direccion":"57 BOULEVARD BALLESTER 6600, VILLA BALLESTER, General San Martin, Provincia de Buenos Aires","entrecalle_1":"162 RAWSON (C)","entrecalle_2":"158 ALSINA (C)"},"geometry":{"type":"Point","coordinates":[-58.5685632,-34.5352987]}},{"type":"Feature","properties":{"Nro. Reclamo":"2025-R -67452","SubMotivo":"ARBOL CAIDO","Localidad problema":"LOMA HERMOSA","Direccion":"143 EDISON 7000, LOMA HERMOSA, General San Martin, Provincia de Buenos Aires","Entrecalle 1":"141 GRAL LAVALLE (A)","Entrecalle 2":"101 AV. DR. RICARDO BALBIN (AV)","Latitude":-34.56357,"Longitude":-58.59353,"mes_relevamiento":"Diciembre","nro_reclamo":"2025-R -67452","submotivo":"ARBOL CAIDO","localidad":"LOMA HERMOSA","direccion":"143 EDISON 7000, LOMA HERMOSA, General San Martin, Provincia de Buenos Aires","entrecalle_1":"141 GRAL LAVALLE (A)","entrecalle_2":"101 AV. DR. RICARDO BALBIN (AV)"},"geometry":{"type":"Point","coordinates":[-58.5935258,-34.5635727]}},{"type":"Feature","properties":{"Nro. Reclamo":"2025-W -07771","SubMotivo":"ARBOL CAIDO","Localidad problema":"VILLA BALLESTER","Direccion":"136 SARANDI 5101, VILLA BALLESTER, General San Martin, Provincia de Buenos Aires","Entrecalle 1":"125 AV. EVA PERON (C)","Entrecalle 2":"123 NAPOLES (C)","Latitude":-34.56104,"Longitude":-58.5827,"mes_relevamiento":"Diciembre","nro_reclamo":"2025-W -07771","submotivo":"ARBOL CAIDO","localidad":"VILLA BALLESTER","direccion":"136 SARANDI 5101, VILLA BALLESTER, General San Martin, Provincia de Buenos Aires","entrecalle_1":"125 AV. EVA PERON (C)","entrecalle_2":"123 NAPOLES (C)"},"geometry":{"type":"Point","coordinates":[-58.5826959,-34.5610403]}},{"type":"Feature","properties":{"Nro. Reclamo":"2025-R -67522","SubMotivo":"ARBOL CAIDO","Localidad problema":"JOSE LEON SUAREZ","Direccion":"31 QUINTANA 7769, JOSE LEON SUAREZ, General San Martin, Provincia de Buenos Aires","Entrecalle 1":"186 PAGANOTTI (C)","Entrecalle 2":"184 FERNANDEZ (C)","Latitude":-34.52105,"Longitude":-58.56892,"mes_relevamiento":"Diciembre","nro_reclamo":"2025-R -67522","submotivo":"ARBOL CAIDO","localidad":"JOSE LEON SUAREZ","direccion":"31 QUINTANA 7769, JOSE LEON SUAREZ, General San Martin, Provincia de Buenos Aires","entrecalle_1":"186 PAGANOTTI (C)","entrecalle_2":"184 FERNANDEZ (C)"},"geometry":{"type":"Point","coordinates":[-58.5689224,-34.5210515]}},{"type":"Feature","properties":{"Nro. Reclamo":"2025-R -67678","SubMotivo":"ARBOL CAIDO","Localidad problema":"JOSE LEON SUAREZ","Direccion":"75 ARTIGAS 6700, JOSE LEON SUAREZ, General San Martin, Provincia de Buenos Aires","Entrecalle 1":"69 DIAG.J. L. SUAREZ (D)","Entrecalle 2":"69 CHILAVERT (D)","Latitude":-34.54075,"Longitude":-58.57457,"mes_relevamiento":"Diciembre","nro_reclamo":"2025-R -67678","submotivo":"ARBOL CAIDO","localidad":"JOSE LEON SUAREZ","direccion":"75 ARTIGAS 6700, JOSE LEON SUAREZ, General San Martin, Provincia de Buenos Aires","entrecalle_1":"69 DIAG.J. L. SUAREZ (D)","entrecalle_2":"69 CHILAVERT (D)"},"geometry":{"type":"Point","coordinates":[-58.5745687,-34.5407458]}},{"type":"Feature","properties":{"Nro. Reclamo":"2025-R -67844","SubMotivo":"ARBOL CAIDO","Localidad problema":"JOSE LEON SUAREZ","Direccion":"37 CHARLONE 7711, JOSE LEON SUAREZ, General San Martin, Provincia de Buenos Aires","Entrecalle 1":"190 BRIG. GRAL. J. M. DE ROSAS (D)","Entrecalle 2":"184 FERNANDEZ (C)","Latitude":-34.52292,"Longitude":-58.57053,"mes_relevamiento":"Diciembre","nro_reclamo":"2025-R -67844","submotivo":"ARBOL CAIDO","localidad":"JOSE LEON SUAREZ","direccion":"37 CHARLONE 7711, JOSE LEON SUAREZ, General San Martin, Provincia de Buenos Aires","entrecalle_1":"190 BRIG. GRAL. J. M. DE ROSAS (D)","entrecalle_2":"184 FERNANDEZ (C)"},"geometry":{"type":"Point","coordinates":[-58.570534,-34.5229155]}},{"type":"Feature","properties":{"Nro. Reclamo":"2025-R -68107","SubMotivo":"ARBOL CAIDO","Localidad problema":"VILLA BALLESTER","Direccion":"136 SARANDI 5357, VILLA BALLESTER, General San Martin, Provincia de Buenos Aires","Entrecalle 1":"125 AV. EVA PERON (C)","Entrecalle 2":"123 NAPOLES (C)","Latitude":-34.56107,"Longitude":-58.58282,"mes_relevamiento":"Diciembre","nro_reclamo":"2025-R -68107","submotivo":"ARBOL CAIDO","localidad":"VILLA BALLESTER","direccion":"136 SARANDI 5357, VILLA BALLESTER, General San Martin, Provincia de Buenos Aires","entrecalle_1":"125 AV. EVA PERON (C)","entrecalle_2":"123 NAPOLES (C)"},"geometry":{"type":"Point","coordinates":[-58.5828177,-34.561074]}},{"type":"Feature","properties":{"Nro. Reclamo":"2025-R -68123","SubMotivo":"ARBOL CAIDO","Localidad problema":"VILLA LYNCH","Direccion":"36 ZOILO CANTON 4300, VILLA LYNCH, General San Martin, Provincia de Buenos Aires","Entrecalle 1":"103 HEREDIA (D)","Entrecalle 2":"103 HEREDIA (D)","Latitude":-34.58586,"Longitude":-58.53504,"mes_relevamiento":"Diciembre","nro_reclamo":"2025-R -68123","submotivo":"ARBOL CAIDO","localidad":"VILLA LYNCH","direccion":"36 ZOILO CANTON 4300, VILLA LYNCH, General San Martin, Provincia de Buenos Aires","entrecalle_1":"103 HEREDIA (D)","entrecalle_2":"103 HEREDIA (D)"},"geometry":{"type":"Point","coordinates":[-58.5350358,-34.5858629]}},{"type":"Feature","properties":{"Nro. Reclamo":"2025-R -68128","SubMotivo":"ARBOL CAIDO","Localidad problema":"VILLA LYNCH","Direccion":"42 PERDRIEL 2428, VILLA LYNCH, General San Martin, Provincia de Buenos Aires","Entrecalle 1":"103 GUTIERREZ (C)","Entrecalle 2":"57 BERUTTI (C)","Latitude":-34.57294,"Longitude":-58.52251,"mes_relevamiento":"Diciembre","nro_reclamo":"2025-R -68128","submotivo":"ARBOL CAIDO","localidad":"VILLA LYNCH","direccion":"42 PERDRIEL 2428, VILLA LYNCH, General San Martin, Provincia de Buenos Aires","entrecalle_1":"103 GUTIERREZ (C)","entrecalle_2":"57 BERUTTI (C)"},"geometry":{"type":"Point","coordinates":[-58.5225142,-34.5729388]}},{"type":"Feature","properties":{"Nro. Reclamo":"2025-R -68131","SubMotivo":"ARBOL CAIDO","Localidad problema":"VILLA BALLESTER","Direccion":"47 CHACO 4238, VILLA BALLESTER, General San Martin, Provincia de Buenos Aires","Entrecalle 1":"104 LAS HERAS (C)","Entrecalle 2":"102 PARANA (C)","Latitude":-34.54869,"Longitude":-58.54499,"mes_relevamiento":"Diciembre","nro_reclamo":"2025-R -68131","submotivo":"ARBOL CAIDO","localidad":"VILLA BALLESTER","direccion":"47 CHACO 4238, VILLA BALLESTER, General San Martin, Provincia de Buenos Aires","entrecalle_1":"104 LAS HERAS (C)","entrecalle_2":"102 PARANA (C)"},"geometry":{"type":"Point","coordinates":[-58.5449931,-34.5486931]}},{"type":"Feature","properties":{"Nro. Reclamo":"2025-R -68134","SubMotivo":"ARBOL CAIDO","Localidad problema":"JOSE LEON SUAREZ","Direccion":"136 SARANDI 5256, JOSE LEON SUAREZ, General San Martin, Provincia de Buenos Aires","Entrecalle 1":"123 NAPOLES (C)","Entrecalle 2":"119 ESPAÑA (C)","Latitude":-34.56079,"Longitude":-58.58198,"mes_relevamiento":"Diciembre","nro_reclamo":"2025-R -68134","submotivo":"ARBOL CAIDO","localidad":"JOSE LEON SUAREZ","direccion":"136 SARANDI 5256, JOSE LEON SUAREZ, General San Martin, Provincia de Buenos Aires","entrecalle_1":"123 NAPOLES (C)","entrecalle_2":"119 ESPAÑA (C)"},"geometry":{"type":"Point","coordinates":[-58.5819793,-34.5607852]}},{"type":"Feature","properties":{"Nro. Reclamo":"2025-R -68139","SubMotivo":"ARBOL CAIDO","Localidad problema":"JOSE LEON SUAREZ","Direccion":"83 B. MITRE 6345, JOSE LEON SUAREZ, General San Martin, Provincia de Buenos Aires","Entrecalle 1":"152 BIARRITZ (C)","Entrecalle 2":"156 MARMOL (C)","Latitude":-34.54502,"Longitude":-58.57576,"mes_relevamiento":"Diciembre","nro_reclamo":"2025-R -68139","submotivo":"ARBOL CAIDO","localidad":"JOSE LEON SUAREZ","direccion":"83 B. MITRE 6345, JOSE LEON SUAREZ, General San Martin, Provincia de Buenos Aires","entrecalle_1":"152 BIARRITZ (C)","entrecalle_2":"156 MARMOL (C)"},"geometry":{"type":"Point","coordinates":[-58.5757562,-34.5450157]}},{"type":"Feature","properties":{"Nro. Reclamo":"2025-R -68141","SubMotivo":"ARBOL CAIDO","Localidad problema":"JOSE LEON SUAREZ","Direccion":"101 9 DE JULIO 7725, JOSE LEON SUAREZ, General San Martin, Provincia de Buenos Aires","Entrecalle 1":"182 A. STORNI (C)","Entrecalle 2":"182 A. STORNI (C)","Latitude":-34.54208,"Longitude":-58.58954,"mes_relevamiento":"Diciembre","nro_reclamo":"2025-R -68141","submotivo":"ARBOL CAIDO","localidad":"JOSE LEON SUAREZ","direccion":"101 9 DE JULIO 7725, JOSE LEON SUAREZ, General San Martin, Provincia de Buenos Aires","entrecalle_1":"182 A. STORNI (C)","entrecalle_2":"182 A. STORNI (C)"},"geometry":{"type":"Point","coordinates":[-58.5895369,-34.5420822]}},{"type":"Feature","properties":{"Nro. Reclamo":"2025-R -68362","SubMotivo":"ARBOL CAIDO","Localidad problema":"JOSE LEON SUAREZ","Direccion":"45 SARMIENTO 6256, JOSE LEON SUAREZ, General San Martin, Provincia de Buenos Aires","Entrecalle 1":"180 MITRE (C)","Entrecalle 2":"115 LAVALLE (C)","Latitude":-34.53403,"Longitude":-58.56179,"mes_relevamiento":"Diciembre","nro_reclamo":"2025-R -68362","submotivo":"ARBOL CAIDO","localidad":"JOSE LEON SUAREZ","direccion":"45 SARMIENTO 6256, JOSE LEON SUAREZ, General San Martin, Provincia de Buenos Aires","entrecalle_1":"180 MITRE (C)","entrecalle_2":"115 LAVALLE (C)"},"geometry":{"type":"Point","coordinates":[-58.5617892,-34.5340311]}},{"type":"Feature","properties":{"Nro. Reclamo":"2025-R -68367","SubMotivo":"ARBOL CAIDO","Localidad problema":"VILLA BALLESTER","Direccion":"51 REPUBLICA 5940, VILLA BALLESTER, General San Martin, Provincia de Buenos Aires","Entrecalle 1":"51 REPUBLICA (C)","Entrecalle 2":"51 REPUBLICA (C)","Latitude":-34.53887,"Longitude":-58.56064,"mes_relevamiento":"Diciembre","nro_reclamo":"2025-R -68367","submotivo":"ARBOL CAIDO","localidad":"VILLA BALLESTER","direccion":"51 REPUBLICA 5940, VILLA BALLESTER, General San Martin, Provincia de Buenos Aires","entrecalle_1":"51 REPUBLICA (C)","entrecalle_2":"51 REPUBLICA (C)"},"geometry":{"type":"Point","coordinates":[-58.560642,-34.5388683]}},{"type":"Feature","properties":{"Nro. Reclamo":"2025-R -68375","SubMotivo":"ARBOL CAIDO","Localidad problema":"VILLA BALLESTER","Direccion":"119 ESPANA 6031, VILLA BALLESTER, General San Martin, Provincia de Buenos Aires","Entrecalle 1":"110 PUEYRREDON (C)","Entrecalle 2":"144 DOÑA VICTORIA PUEYRREDON DE PUEYRREDON (C)","Latitude":-34.55778,"Longitude":-58.58459,"mes_relevamiento":"Diciembre","nro_reclamo":"2025-R -68375","submotivo":"ARBOL CAIDO","localidad":"VILLA BALLESTER","direccion":"119 ESPANA 6031, VILLA BALLESTER, General San Martin, Provincia de Buenos Aires","entrecalle_1":"110 PUEYRREDON (C)","entrecalle_2":"144 DOÑA VICTORIA PUEYRREDON DE PUEYRREDON (C)"},"geometry":{"type":"Point","coordinates":[-58.5845879,-34.5577802]}},{"type":"Feature","properties":{"Nro. Reclamo":"2025-R -68378","SubMotivo":"ARBOL CAIDO","Localidad problema":"JOSE LEON SUAREZ","Direccion":"100 ENTRE RIOS 7214, JOSE LEON SUAREZ, General San Martin, Provincia de Buenos Aires","Entrecalle 1":"55 BUENOS AIRES (C)","Entrecalle 2":"137 SAN MARTIN (C)","Latitude":-34.51515,"Longitude":-58.49604,"mes_relevamiento":"Diciembre","nro_reclamo":"2025-R -68378","submotivo":"ARBOL CAIDO","localidad":"JOSE LEON SUAREZ","direccion":"100 ENTRE RIOS 7214, JOSE LEON SUAREZ, General San Martin, Provincia de Buenos Aires","entrecalle_1":"55 BUENOS AIRES (C)","entrecalle_2":"137 SAN MARTIN (C)"},"geometry":{"type":"Point","coordinates":[-58.4960425,-34.5151512]}},{"type":"Feature","properties":{"Nro. Reclamo":"2025-R -68381","SubMotivo":"ARBOL CAIDO","Localidad problema":"VILLA BALLESTER","Direccion":"69 ESMERALDA 5607, VILLA BALLESTER, General San Martin, Provincia de Buenos Aires","Entrecalle 1":"134 FALUCHO (C)","Entrecalle 2":"136 ITUZAINGO (C)","Latitude":-34.54561,"Longitude":-58.56212,"mes_relevamiento":"Diciembre","nro_reclamo":"2025-R -68381","submotivo":"ARBOL CAIDO","localidad":"VILLA BALLESTER","direccion":"69 ESMERALDA 5607, VILLA BALLESTER, General San Martin, Provincia de Buenos Aires","entrecalle_1":"134 FALUCHO (C)","entrecalle_2":"136 ITUZAINGO (C)"},"geometry":{"type":"Point","coordinates":[-58.562117,-34.5456071]}},{"type":"Feature","properties":{"Nro. Reclamo":"2025-R -68411","SubMotivo":"ARBOL CAIDO","Localidad problema":"LOMA HERMOSA","Direccion":"135 PARANA 6500, LOMA HERMOSA, General San Martin, Provincia de Buenos Aires","Entrecalle 1":"154 RIVADAVIA (C)","Entrecalle 2":"154 RIVADAVIA (C)","Latitude":-34.55955,"Longitude":-58.59226,"mes_relevamiento":"Diciembre","nro_reclamo":"2025-R -68411","submotivo":"ARBOL CAIDO","localidad":"LOMA HERMOSA","direccion":"135 PARANA 6500, LOMA HERMOSA, General San Martin, Provincia de Buenos Aires","entrecalle_1":"154 RIVADAVIA (C)","entrecalle_2":"154 RIVADAVIA (C)"},"geometry":{"type":"Point","coordinates":[-58.592256,-34.5595458]}},{"type":"Feature","properties":{"Nro. Reclamo":"2025-R -68678","SubMotivo":"ARBOL CAIDO","Localidad problema":"VILLA BALLESTER","Direccion":"43 SARMIENTO 5750, VILLA BALLESTER, General San Martin, Provincia de Buenos Aires","Entrecalle 1":"140 PROFESOR G. SIMON (C)","Entrecalle 2":"136 ITUZAINGO (C)","Latitude":-34.53794,"Longitude":-58.55665,"mes_relevamiento":"Diciembre","nro_reclamo":"2025-R -68678","submotivo":"ARBOL CAIDO","localidad":"VILLA BALLESTER","direccion":"43 SARMIENTO 5750, VILLA BALLESTER, General San Martin, Provincia de Buenos Aires","entrecalle_1":"140 PROFESOR G. SIMON (C)","entrecalle_2":"136 ITUZAINGO (C)"},"geometry":{"type":"Point","coordinates":[-58.5566521,-34.5379401]}},{"type":"Feature","properties":{"Nro. Reclamo":"2026-R -00289","SubMotivo":"ARBOL CAIDO","Localidad problema":"VILLA BALLESTER","Direccion":"132 DIAGONAL TREINTA Y TRES ORIENTALES 6000, VILLA BALLESTER, General San Martin, Provincia de Buenos Aires","Entrecalle 1":"123 NAPOLES (C)","Entrecalle 2":"125 AV. EVA PERON (C)","Latitude":-34.56222,"Longitude":-58.58241,"mes_relevamiento":"Diciembre","nro_reclamo":"2026-R -00289","submotivo":"ARBOL CAIDO","localidad":"VILLA BALLESTER","direccion":"132 DIAGONAL TREINTA Y TRES ORIENTALES 6000, VILLA BALLESTER, General San Martin, Provincia de Buenos Aires","entrecalle_1":"123 NAPOLES (C)","entrecalle_2":"125 AV. EVA PERON (C)"},"geometry":{"type":"Point","coordinates":[-58.582414,-34.5622239]}},{"type":"Feature","properties":{"Nro. Reclamo":"2026-R -00535","SubMotivo":"ARBOL CAIDO","Localidad problema":"SAN ANDRES","Direccion":"123 NAPOLES 5657, SAN ANDRES, General San Martin, Provincia de Buenos Aires","Entrecalle 1":"132 DIAGONAL TREINTA Y TRES ORIENTALES (D)","Entrecalle 2":"136 SARANDÍ (C)","Latitude":-34.56594,"Longitude":-58.5443,"mes_relevamiento":"Diciembre","nro_reclamo":"2026-R -00535","submotivo":"ARBOL CAIDO","localidad":"SAN ANDRES","direccion":"123 NAPOLES 5657, SAN ANDRES, General San Martin, Provincia de Buenos Aires","entrecalle_1":"132 DIAGONAL TREINTA Y TRES ORIENTALES (D)","entrecalle_2":"136 SARANDÍ (C)"},"geometry":{"type":"Point","coordinates":[-58.5443017,-34.5659429]}},{"type":"Feature","properties":{"Nro. Reclamo":"2026-R -00635","SubMotivo":"ARBOL CAIDO","Localidad problema":"VILLA BALLESTER","Direccion":"104 LA PAZ 4347, VILLA BALLESTER, General San Martin, Provincia de Buenos Aires","Entrecalle 1":"101 9 DE JULIO (C)","Entrecalle 2":"103 OLAVARRIA (C)","Latitude":-34.56359,"Longitude":-58.56372,"mes_relevamiento":"Diciembre","nro_reclamo":"2026-R -00635","submotivo":"ARBOL CAIDO","localidad":"VILLA BALLESTER","direccion":"104 LA PAZ 4347, VILLA BALLESTER, General San Martin, Provincia de Buenos Aires","entrecalle_1":"101 9 DE JULIO (C)","entrecalle_2":"103 OLAVARRIA (C)"},"geometry":{"type":"Point","coordinates":[-58.5637167,-34.5635948]}},{"type":"Feature","properties":{"Nro. Reclamo":"2026-R -00669","SubMotivo":"ARBOL CAIDO","Localidad problema":"VILLA BALLESTER","Direccion":"115 LIB. GRAL. SAN MARTIN 6076, VILLA BALLESTER, General San Martin, Provincia de Buenos Aires","Entrecalle 1":"148 MAR DEL PLATA (C)","Entrecalle 2":"146 CAMPICHUELO (C)","Latitude":-34.55594,"Longitude":-58.58415,"mes_relevamiento":"Diciembre","nro_reclamo":"2026-R -00669","submotivo":"ARBOL CAIDO","localidad":"VILLA BALLESTER","direccion":"115 LIB. GRAL. SAN MARTIN 6076, VILLA BALLESTER, General San Martin, Provincia de Buenos Aires","entrecalle_1":"148 MAR DEL PLATA (C)","entrecalle_2":"146 CAMPICHUELO (C)"},"geometry":{"type":"Point","coordinates":[-58.5841514,-34.555943]}},{"type":"Feature","properties":{"Nro. Reclamo":"2026-R -01105","SubMotivo":"ARBOL CAIDO","Localidad problema":"SAN ANDRES","Direccion":"150 MONACO 3479, SAN ANDRES, General San Martin, Provincia de Buenos Aires","Entrecalle 1":"81 BOLIVAR (C)","Entrecalle 2":"79 A. DEL VALLE (C)","Latitude":-34.56594,"Longitude":-58.5443,"mes_relevamiento":"Diciembre","nro_reclamo":"2026-R -01105","submotivo":"ARBOL CAIDO","localidad":"SAN ANDRES","direccion":"150 MONACO 3479, SAN ANDRES, General San Martin, Provincia de Buenos Aires","entrecalle_1":"81 BOLIVAR (C)","entrecalle_2":"79 A. DEL VALLE (C)"},"geometry":{"type":"Point","coordinates":[-58.5443017,-34.5659429]}},{"type":"Feature","properties":{"Nro. Reclamo":"2026-R -01133","SubMotivo":"ARBOL CAIDO","Localidad problema":"VILLA BALLESTER","Direccion":"148 MAR DEL PLATA 3542, VILLA BALLESTER, General San Martin, Provincia de Buenos Aires","Entrecalle 1":"54 MITRE (C)","Entrecalle 2":"85 11 DE SEPTIEMBRE (C)","Latitude":-34.54722,"Longitude":-58.57367,"mes_relevamiento":"Diciembre","nro_reclamo":"2026-R -01133","submotivo":"ARBOL CAIDO","localidad":"VILLA BALLESTER","direccion":"148 MAR DEL PLATA 3542, VILLA BALLESTER, General San Martin, Provincia de Buenos Aires","entrecalle_1":"54 MITRE (C)","entrecalle_2":"85 11 DE SEPTIEMBRE (C)"},"geometry":{"type":"Point","coordinates":[-58.5736695,-34.5472246]}},{"type":"Feature","properties":{"Nro. Reclamo":"2026-R -01136","SubMotivo":"ARBOL CAIDO","Localidad problema":"VILLA BALLESTER","Direccion":"186 CALLE 1 5492, VILLA BALLESTER, General San Martin, Provincia de Buenos Aires","Entrecalle 1":"132 MONTEVIDEO (C)","Entrecalle 2":"132 MONTEVIDEO (C)","Latitude":-34.54924,"Longitude":-58.55882,"mes_relevamiento":"Diciembre","nro_reclamo":"2026-R -01136","submotivo":"ARBOL CAIDO","localidad":"VILLA BALLESTER","direccion":"186 CALLE 1 5492, VILLA BALLESTER, General San Martin, Provincia de Buenos Aires","entrecalle_1":"132 MONTEVIDEO (C)","entrecalle_2":"132 MONTEVIDEO (C)"},"geometry":{"type":"Point","coordinates":[-58.5588195,-34.5492357]}},{"type":"Feature","properties":{"Nro. Reclamo":"2026-R -01139","SubMotivo":"ARBOL CAIDO","Localidad problema":"VILLA BALLESTER","Direccion":"111 PRESBITERO CARBALLO 5029, VILLA BALLESTER, General San Martin, Provincia de Buenos Aires","Entrecalle 1":"118 MARTIN FIERRO (C)","Entrecalle 2":"118 LAVALLE (C)","Latitude":-34.5619,"Longitude":-58.57265,"mes_relevamiento":"Diciembre","nro_reclamo":"2026-R -01139","submotivo":"ARBOL CAIDO","localidad":"VILLA BALLESTER","direccion":"111 PRESBITERO CARBALLO 5029, VILLA BALLESTER, General San Martin, Provincia de Buenos Aires","entrecalle_1":"118 MARTIN FIERRO (C)","entrecalle_2":"118 LAVALLE (C)"},"geometry":{"type":"Point","coordinates":[-58.5726475,-34.5619025]}},{"type":"Feature","properties":{"Nro. Reclamo":"2026-R -01147","SubMotivo":"ARBOL CAIDO","Localidad problema":"VILLA BALLESTER","Direccion":"49 LIBERTAD 5000, VILLA BALLESTER, General San Martin, Provincia de Buenos Aires","Entrecalle 1":"109 1 DE AGOSTO DE 1806 (C)","Entrecalle 2":"105 AVELLANEDA (C)","Latitude":-34.54473,"Longitude":-58.55085,"mes_relevamiento":"Diciembre","nro_reclamo":"2026-R -01147","submotivo":"ARBOL CAIDO","localidad":"VILLA BALLESTER","direccion":"49 LIBERTAD 5000, VILLA BALLESTER, General San Martin, Provincia de Buenos Aires","entrecalle_1":"109 1 DE AGOSTO DE 1806 (C)","entrecalle_2":"105 AVELLANEDA (C)"},"geometry":{"type":"Point","coordinates":[-58.5508499,-34.544731]}},{"type":"Feature","properties":{"Nro. Reclamo":"2026-R -01151","SubMotivo":"ARBOL CAIDO","Localidad problema":"JOSE LEON SUAREZ","Direccion":"168 IGUAZU 4546, JOSE LEON SUAREZ, General San Martin, Provincia de Buenos Aires","Entrecalle 1":"103 BUENOS AIRES (C)","Entrecalle 2":"168 RIO DE LA PLATA (P)","Latitude":-34.54701,"Longitude":-58.58608,"mes_relevamiento":"Diciembre","nro_reclamo":"2026-R -01151","submotivo":"ARBOL CAIDO","localidad":"JOSE LEON SUAREZ","direccion":"168 IGUAZU 4546, JOSE LEON SUAREZ, General San Martin, Provincia de Buenos Aires","entrecalle_1":"103 BUENOS AIRES (C)","entrecalle_2":"168 RIO DE LA PLATA (P)"},"geometry":{"type":"Point","coordinates":[-58.5860758,-34.547008]}},{"type":"Feature","properties":{"Nro. Reclamo":"2026-R -01155","SubMotivo":"ARBOL CAIDO","Localidad problema":"LOMA HERMOSA","Direccion":"111 PRESBITERO CARBALLO 5000, LOMA HERMOSA, General San Martin, Provincia de Buenos Aires","Entrecalle 1":"118 MARTIN FIERRO (C)","Entrecalle 2":"118 MARTIN FIERRO (C)","Latitude":-34.56179,"Longitude":-58.57229,"mes_relevamiento":"Diciembre","nro_reclamo":"2026-R -01155","submotivo":"ARBOL CAIDO","localidad":"LOMA HERMOSA","direccion":"111 PRESBITERO CARBALLO 5000, LOMA HERMOSA, General San Martin, Provincia de Buenos Aires","entrecalle_1":"118 MARTIN FIERRO (C)","entrecalle_2":"118 MARTIN FIERRO (C)"},"geometry":{"type":"Point","coordinates":[-58.5722906,-34.5617915]}},{"type":"Feature","properties":{"Nro. Reclamo":"2026-R -01192","SubMotivo":"ARBOL CAIDO","Localidad problema":"JOSE LEON SUAREZ","Direccion":"103 CHACO 6721, JOSE LEON SUAREZ, General San Martin, Provincia de Buenos Aires","Entrecalle 1":"172 LA PAMPA (D)","Entrecalle 2":"172 LA PAMPA (D)","Latitude":-34.54772,"Longitude":-58.5857,"mes_relevamiento":"Diciembre","nro_reclamo":"2026-R -01192","submotivo":"ARBOL CAIDO","localidad":"JOSE LEON SUAREZ","direccion":"103 CHACO 6721, JOSE LEON SUAREZ, General San Martin, Provincia de Buenos Aires","entrecalle_1":"172 LA PAMPA (D)","entrecalle_2":"172 LA PAMPA (D)"},"geometry":{"type":"Point","coordinates":[-58.5856972,-34.5477174]}},{"type":"Feature","properties":{"Nro. Reclamo":"2026-R -01196","SubMotivo":"ARBOL CAIDO","Localidad problema":"VILLA BALLESTER","Direccion":"144 DONA VICTORIA PUEYRREDON DE PUEYRREDON 4500, VILLA BALLESTER, General San Martin, Provincia de Buenos Aires","Entrecalle 1":"109 1 DE AGOSTO DE 1806 (C)","Entrecalle 2":"107 CABILDO (C)","Latitude":-34.55162,"Longitude":-58.57653,"mes_relevamiento":"Diciembre","nro_reclamo":"2026-R -01196","submotivo":"ARBOL CAIDO","localidad":"VILLA BALLESTER","direccion":"144 DONA VICTORIA PUEYRREDON DE PUEYRREDON 4500, VILLA BALLESTER, General San Martin, Provincia de Buenos Aires","entrecalle_1":"109 1 DE AGOSTO DE 1806 (C)","entrecalle_2":"107 CABILDO (C)"},"geometry":{"type":"Point","coordinates":[-58.5765319,-34.5516217]}},{"type":"Feature","properties":{"Nro. Reclamo":"2026-R -01210","SubMotivo":"ARBOL CAIDO","Localidad problema":"BILLINGHURST","Direccion":"110 MITRE 5678, BILLINGHURST, General San Martin, Provincia de Buenos Aires","Entrecalle 1":"131 NAON (C)","Entrecalle 2":"131 NAON (C)","Latitude":-34.5714,"Longitude":-58.57549,"mes_relevamiento":"Diciembre","nro_reclamo":"2026-R -01210","submotivo":"ARBOL CAIDO","localidad":"BILLINGHURST","direccion":"110 MITRE 5678, BILLINGHURST, General San Martin, Provincia de Buenos Aires","entrecalle_1":"131 NAON (C)","entrecalle_2":"131 NAON (C)"},"geometry":{"type":"Point","coordinates":[-58.5754917,-34.5714001]}},{"type":"Feature","properties":{"Nro. Reclamo":"2026-R -01216","SubMotivo":"ARBOL CAIDO","Localidad problema":"LOMA HERMOSA","Direccion":"180 SARMIENTO 6245, LOMA HERMOSA, General San Martin, Provincia de Buenos Aires","Entrecalle 1":"180 MITRE (C)","Entrecalle 2":"141 TRIUNVIRATO (A)","Latitude":-34.55669,"Longitude":-58.60511,"mes_relevamiento":"Diciembre","nro_reclamo":"2026-R -01216","submotivo":"ARBOL CAIDO","localidad":"LOMA HERMOSA","direccion":"180 SARMIENTO 6245, LOMA HERMOSA, General San Martin, Provincia de Buenos Aires","entrecalle_1":"180 MITRE (C)","entrecalle_2":"141 TRIUNVIRATO (A)"},"geometry":{"type":"Point","coordinates":[-58.605114,-34.5566947]}},{"type":"Feature","properties":{"Nro. Reclamo":"2026-R -01217","SubMotivo":"ARBOL CAIDO","Localidad problema":"VILLA LYNCH","Direccion":"103 HEREDIA 1000, VILLA LYNCH, General San Martin, Provincia de Buenos Aires","Entrecalle 1":"0 IRIGOYEN (C)","Entrecalle 2":"0 IRIGOYEN (C)","Latitude":-34.58981,"Longitude":-58.53326,"mes_relevamiento":"Diciembre","nro_reclamo":"2026-R -01217","submotivo":"ARBOL CAIDO","localidad":"VILLA LYNCH","direccion":"103 HEREDIA 1000, VILLA LYNCH, General San Martin, Provincia de Buenos Aires","entrecalle_1":"0 IRIGOYEN (C)","entrecalle_2":"0 IRIGOYEN (C)"},"geometry":{"type":"Point","coordinates":[-58.5332611,-34.5898142]}},{"type":"Feature","properties":{"Nro. Reclamo":"2026-R -01226","SubMotivo":"ARBOL CAIDO","Localidad problema":"JOSE LEON SUAREZ","Direccion":"31 QUINTANA 7769, JOSE LEON SUAREZ, General San Martin, Provincia de Buenos Aires","Entrecalle 1":"174 CRESENCIA FERNANDEZ (C)","Entrecalle 2":"186 PAGANOTTI (C)","Latitude":-34.52105,"Longitude":-58.56892,"mes_relevamiento":"Diciembre","nro_reclamo":"2026-R -01226","submotivo":"ARBOL CAIDO","localidad":"JOSE LEON SUAREZ","direccion":"31 QUINTANA 7769, JOSE LEON SUAREZ, General San Martin, Provincia de Buenos Aires","entrecalle_1":"174 CRESENCIA FERNANDEZ (C)","entrecalle_2":"186 PAGANOTTI (C)"},"geometry":{"type":"Point","coordinates":[-58.5689224,-34.5210515]}},{"type":"Feature","properties":{"Nro. Reclamo":"2026-R -01229","SubMotivo":"ARBOL CAIDO","Localidad problema":"VILLA BALLESTER","Direccion":"111 URQUIZA 5492, VILLA BALLESTER, General San Martin, Provincia de Buenos Aires","Entrecalle 1":"132 MONTEVIDEO (C)","Entrecalle 2":"130 MONTEAGUDO (P)","Latitude":-34.55852,"Longitude":-58.57718,"mes_relevamiento":"Diciembre","nro_reclamo":"2026-R -01229","submotivo":"ARBOL CAIDO","localidad":"VILLA BALLESTER","direccion":"111 URQUIZA 5492, VILLA BALLESTER, General San Martin, Provincia de Buenos Aires","entrecalle_1":"132 MONTEVIDEO (C)","entrecalle_2":"130 MONTEAGUDO (P)"},"geometry":{"type":"Point","coordinates":[-58.5771758,-34.5585207]}},{"type":"Feature","properties":{"Nro. Reclamo":"2026-R -01282","SubMotivo":"ARBOL CAIDO","Localidad problema":"LOMA HERMOSA","Direccion":"178 LAS ROSAS 5904, LOMA HERMOSA, General San Martin, Provincia de Buenos Aires","Entrecalle 1":"135 PARANA (D)","Entrecalle 2":"135 PARANA (D)","Latitude":-34.55107,"Longitude":-58.59684,"mes_relevamiento":"Diciembre","nro_reclamo":"2026-R -01282","submotivo":"ARBOL CAIDO","localidad":"LOMA HERMOSA","direccion":"178 LAS ROSAS 5904, LOMA HERMOSA, General San Martin, Provincia de Buenos Aires","entrecalle_1":"135 PARANA (D)","entrecalle_2":"135 PARANA (D)"},"geometry":{"type":"Point","coordinates":[-58.5968371,-34.551069]}},{"type":"Feature","properties":{"Nro. Reclamo":"2026-R -01396","SubMotivo":"ARBOL CAIDO","Localidad problema":"VILLA BALLESTER","Direccion":"47 CHACO 4238, VILLA BALLESTER, General San Martin, Provincia de Buenos Aires","Entrecalle 1":"104 LAS HERAS (C)","Entrecalle 2":"102 PARANA (C)","Latitude":-34.54869,"Longitude":-58.54499,"mes_relevamiento":"Diciembre","nro_reclamo":"2026-R -01396","submotivo":"ARBOL CAIDO","localidad":"VILLA BALLESTER","direccion":"47 CHACO 4238, VILLA BALLESTER, General San Martin, Provincia de Buenos Aires","entrecalle_1":"104 LAS HERAS (C)","entrecalle_2":"102 PARANA (C)"},"geometry":{"type":"Point","coordinates":[-58.5449931,-34.5486931]}},{"type":"Feature","properties":{"Nro. Reclamo":"2026-R -01406","SubMotivo":"ARBOL CAIDO","Localidad problema":"SAN MARTIN","Direccion":"172 LA PAMPA 4700, SAN MARTIN, General San Martin, Provincia de Buenos Aires","Entrecalle 1":"47 CHACO (C)","Entrecalle 2":"105 PATAGONIA (C)","Latitude":-34.55028,"Longitude":-58.58489,"mes_relevamiento":"Diciembre","nro_reclamo":"2026-R -01406","submotivo":"ARBOL CAIDO","localidad":"SAN MARTIN","direccion":"172 LA PAMPA 4700, SAN MARTIN, General San Martin, Provincia de Buenos Aires","entrecalle_1":"47 CHACO (C)","entrecalle_2":"105 PATAGONIA (C)"},"geometry":{"type":"Point","coordinates":[-58.5848947,-34.5502785]}},{"type":"Feature","properties":{"Nro. Reclamo":"2026-R -01419","SubMotivo":"ARBOL CAIDO","Localidad problema":"JOSE LEON SUAREZ","Direccion":"61 BOULOGNE SUR MER 7644, JOSE LEON SUAREZ, General San Martin, Provincia de Buenos Aires","Entrecalle 1":"182 DEL ARCA (C)","Entrecalle 2":"224 R. OBLIGADO (C)","Latitude":-34.53026,"Longitude":-58.57789,"mes_relevamiento":"Diciembre","nro_reclamo":"2026-R -01419","submotivo":"ARBOL CAIDO","localidad":"JOSE LEON SUAREZ","direccion":"61 BOULOGNE SUR MER 7644, JOSE LEON SUAREZ, General San Martin, Provincia de Buenos Aires","entrecalle_1":"182 DEL ARCA (C)","entrecalle_2":"224 R. OBLIGADO (C)"},"geometry":{"type":"Point","coordinates":[-58.5778919,-34.5302624]}},{"type":"Feature","properties":{"Nro. Reclamo":"2026-R -01444","SubMotivo":"ARBOL CAIDO","Localidad problema":"JOSE LEON SUAREZ","Direccion":"190 BRIG. GRAL. J. M. DE ROSAS 4900, JOSE LEON SUAREZ, General San Martin, Provincia de Buenos Aires","Entrecalle 1":"101 9 DE JULIO (C)","Entrecalle 2":"109 1 DE AGOSTO DE 1806 (C)","Latitude":-34.5389,"Longitude":-58.57813,"mes_relevamiento":"Diciembre","nro_reclamo":"2026-R -01444","submotivo":"ARBOL CAIDO","localidad":"JOSE LEON SUAREZ","direccion":"190 BRIG. GRAL. J. M. DE ROSAS 4900, JOSE LEON SUAREZ, General San Martin, Provincia de Buenos Aires","entrecalle_1":"101 9 DE JULIO (C)","entrecalle_2":"109 1 DE AGOSTO DE 1806 (C)"},"geometry":{"type":"Point","coordinates":[-58.5781289,-34.5388987]}},{"type":"Feature","properties":{"Nro. Reclamo":"2026-R -01448","SubMotivo":"ARBOL CAIDO","Localidad problema":"JOSE LEON SUAREZ","Direccion":"69 CHILAVERT 6500, JOSE LEON SUAREZ, General San Martin, Provincia de Buenos Aires","Entrecalle 1":"160 SOLÍS (C)","Entrecalle 2":"156 MARMOL (C)","Latitude":-34.54037,"Longitude":-58.57271,"mes_relevamiento":"Diciembre","nro_reclamo":"2026-R -01448","submotivo":"ARBOL CAIDO","localidad":"JOSE LEON SUAREZ","direccion":"69 CHILAVERT 6500, JOSE LEON SUAREZ, General San Martin, Provincia de Buenos Aires","entrecalle_1":"160 SOLÍS (C)","entrecalle_2":"156 MARMOL (C)"},"geometry":{"type":"Point","coordinates":[-58.5727087,-34.5403658]}},{"type":"Feature","properties":{"Nro. Reclamo":"2026-R -01483","SubMotivo":"ARBOL CAIDO","Localidad problema":"VILLA BALLESTER","Direccion":"144 DONA VICTORIA PUEYRREDON DE PUEYRREDON 5094, VILLA BALLESTER, General San Martin, Provincia de Buenos Aires","Entrecalle 1":"124 COLON (C)","Entrecalle 2":"162 LIBERTADOR (C)","Latitude":-34.55162,"Longitude":-58.57653,"mes_relevamiento":"Diciembre","nro_reclamo":"2026-R -01483","submotivo":"ARBOL CAIDO","localidad":"VILLA BALLESTER","direccion":"144 DONA VICTORIA PUEYRREDON DE PUEYRREDON 5094, VILLA BALLESTER, General San Martin, Provincia de Buenos Aires","entrecalle_1":"124 COLON (C)","entrecalle_2":"162 LIBERTADOR (C)"},"geometry":{"type":"Point","coordinates":[-58.5765319,-34.5516217]}},{"type":"Feature","properties":{"Nro. Reclamo":"2026-R -01553","SubMotivo":"ARBOL CAIDO","Localidad problema":"JOSE LEON SUAREZ","Direccion":"47 COMBET 6341, JOSE LEON SUAREZ, General San Martin, Provincia de Buenos Aires","Entrecalle 1":"150 AVELLANEDA (C)","Entrecalle 2":"154 RIO NEGRO (C)","Latitude":-34.53427,"Longitude":-58.56242,"mes_relevamiento":"Diciembre","nro_reclamo":"2026-R -01553","submotivo":"ARBOL CAIDO","localidad":"JOSE LEON SUAREZ","direccion":"47 COMBET 6341, JOSE LEON SUAREZ, General San Martin, Provincia de Buenos Aires","entrecalle_1":"150 AVELLANEDA (C)","entrecalle_2":"154 RIO NEGRO (C)"},"geometry":{"type":"Point","coordinates":[-58.5624151,-34.5342685]}},{"type":"Feature","properties":{"Nro. Reclamo":"2026-R -01647","SubMotivo":"ARBOL CAIDO","Localidad problema":"VILLA BALLESTER","Direccion":"144 DONA VICTORIA PUEYRREDON DE PUEYRREDON 5000, VILLA BALLESTER, General San Martin, Provincia de Buenos Aires","Entrecalle 1":"109 1 DE AGOSTO DE 1806 (C)","Entrecalle 2":"107 CABILDO (C)","Latitude":-34.55162,"Longitude":-58.57653,"mes_relevamiento":"Diciembre","nro_reclamo":"2026-R -01647","submotivo":"ARBOL CAIDO","localidad":"VILLA BALLESTER","direccion":"144 DONA VICTORIA PUEYRREDON DE PUEYRREDON 5000, VILLA BALLESTER, General San Martin, Provincia de Buenos Aires","entrecalle_1":"109 1 DE AGOSTO DE 1806 (C)","entrecalle_2":"107 CABILDO (C)"},"geometry":{"type":"Point","coordinates":[-58.5765319,-34.5516217]}},{"type":"Feature","properties":{"Nro. Reclamo":"2026-R -01696","SubMotivo":"ARBOL CAIDO","Localidad problema":"JOSE LEON SUAREZ","Direccion":"101 9 DE JULIO 7725, JOSE LEON SUAREZ, General San Martin, Provincia de Buenos Aires","Entrecalle 1":"182 A. STORNI (C)","Entrecalle 2":"182 A. STORNI (C)","Latitude":-34.54208,"Longitude":-58.58954,"mes_relevamiento":"Diciembre","nro_reclamo":"2026-R -01696","submotivo":"ARBOL CAIDO","localidad":"JOSE LEON SUAREZ","direccion":"101 9 DE JULIO 7725, JOSE LEON SUAREZ, General San Martin, Provincia de Buenos Aires","entrecalle_1":"182 A. STORNI (C)","entrecalle_2":"182 A. STORNI (C)"},"geometry":{"type":"Point","coordinates":[-58.5895369,-34.5420822]}},{"type":"Feature","properties":{"Nro. Reclamo":"2026-R -01792","SubMotivo":"ARBOL CAIDO","Localidad problema":"VILLA BALLESTER","Direccion":"156 MARMOL 3500, VILLA BALLESTER, General San Martin, Provincia de Buenos Aires","Entrecalle 1":"81 BOLIVAR (C)","Entrecalle 2":"81 BOLIVAR (C)","Latitude":-34.54426,"Longitude":-58.57549,"mes_relevamiento":"Diciembre","nro_reclamo":"2026-R -01792","submotivo":"ARBOL CAIDO","localidad":"VILLA BALLESTER","direccion":"156 MARMOL 3500, VILLA BALLESTER, General San Martin, Provincia de Buenos Aires","entrecalle_1":"81 BOLIVAR (C)","entrecalle_2":"81 BOLIVAR (C)"},"geometry":{"type":"Point","coordinates":[-58.5754903,-34.5442625]}},{"type":"Feature","properties":{"Nro. Reclamo":"2026-R -01904","SubMotivo":"ARBOL CAIDO","Localidad problema":"LOMA HERMOSA","Direccion":"143 EDISON 7000, LOMA HERMOSA, General San Martin, Provincia de Buenos Aires","Entrecalle 1":"118 LAVALLE (C)","Entrecalle 2":"101 AV. DR. RICARDO BALBIN (AV)","Latitude":-34.56357,"Longitude":-58.59353,"mes_relevamiento":"Diciembre","nro_reclamo":"2026-R -01904","submotivo":"ARBOL CAIDO","localidad":"LOMA HERMOSA","direccion":"143 EDISON 7000, LOMA HERMOSA, General San Martin, Provincia de Buenos Aires","entrecalle_1":"118 LAVALLE (C)","entrecalle_2":"101 AV. DR. RICARDO BALBIN (AV)"},"geometry":{"type":"Point","coordinates":[-58.5935258,-34.5635727]}},{"type":"Feature","properties":{"Nro. Reclamo":"2026-R -01943","SubMotivo":"ARBOL CAIDO","Localidad problema":"JOSE LEON SUAREZ","Direccion":"168 IGUAZU 4546, JOSE LEON SUAREZ, General San Martin, Provincia de Buenos Aires","Entrecalle 1":"103 BUENOS AIRES (C)","Entrecalle 2":"168 RIO DE LA PLATA (P)","Latitude":-34.54701,"Longitude":-58.58608,"mes_relevamiento":"Diciembre","nro_reclamo":"2026-R -01943","submotivo":"ARBOL CAIDO","localidad":"JOSE LEON SUAREZ","direccion":"168 IGUAZU 4546, JOSE LEON SUAREZ, General San Martin, Provincia de Buenos Aires","entrecalle_1":"103 BUENOS AIRES (C)","entrecalle_2":"168 RIO DE LA PLATA (P)"},"geometry":{"type":"Point","coordinates":[-58.5860758,-34.547008]}},{"type":"Feature","properties":{"Nro. Reclamo":"2026-R -02037","SubMotivo":"ARBOL CAIDO","Localidad problema":"VILLA BALLESTER","Direccion":"144 DONA VICTORIA PUEYRREDON DE PUEYRREDON 5094, VILLA BALLESTER, General San Martin, Provincia de Buenos Aires","Entrecalle 1":"49 LIBERTAD (C)","Entrecalle 2":"124 COLON (C)","Latitude":-34.55162,"Longitude":-58.57653,"mes_relevamiento":"Diciembre","nro_reclamo":"2026-R -02037","submotivo":"ARBOL CAIDO","localidad":"VILLA BALLESTER","direccion":"144 DONA VICTORIA PUEYRREDON DE PUEYRREDON 5094, VILLA BALLESTER, General San Martin, Provincia de Buenos Aires","entrecalle_1":"49 LIBERTAD (C)","entrecalle_2":"124 COLON (C)"},"geometry":{"type":"Point","coordinates":[-58.5765319,-34.5516217]}},{"type":"Feature","properties":{"Nro. Reclamo":"2026-R -02139","SubMotivo":"ARBOL CAIDO","Localidad problema":"VILLA BALLESTER","Direccion":"134 TREINTA Y TRES 4640, VILLA BALLESTER, General San Martin, Provincia de Buenos Aires","Entrecalle 1":"109 1 DE AGOSTO DE 1806 (C)","Entrecalle 2":"111 URQUIZA (C)","Latitude":-34.5573,"Longitude":-58.57702,"mes_relevamiento":"Diciembre","nro_reclamo":"2026-R -02139","submotivo":"ARBOL CAIDO","localidad":"VILLA BALLESTER","direccion":"134 TREINTA Y TRES 4640, VILLA BALLESTER, General San Martin, Provincia de Buenos Aires","entrecalle_1":"109 1 DE AGOSTO DE 1806 (C)","entrecalle_2":"111 URQUIZA (C)"},"geometry":{"type":"Point","coordinates":[-58.5770187,-34.5573037]}},{"type":"Feature","properties":{"Nro. Reclamo":"2026-R -02290","SubMotivo":"ARBOL CAIDO","Localidad problema":"SAN MARTIN","Direccion":"79 AYACUCHO 2100, SAN MARTIN, General San Martin, Provincia de Buenos Aires","Entrecalle 1":"54 MITRE (C)","Entrecalle 2":"56 MATHEU (C)","Latitude":-34.57379,"Longitude":-58.53482,"mes_relevamiento":"Diciembre","nro_reclamo":"2026-R -02290","submotivo":"ARBOL CAIDO","localidad":"SAN MARTIN","direccion":"79 AYACUCHO 2100, SAN MARTIN, General San Martin, Provincia de Buenos Aires","entrecalle_1":"54 MITRE (C)","entrecalle_2":"56 MATHEU (C)"},"geometry":{"type":"Point","coordinates":[-58.5348182,-34.5737864]}},{"type":"Feature","properties":{"Nro. Reclamo":"2026-R -02876","SubMotivo":"ARBOL CAIDO","Localidad problema":"JOSE LEON SUAREZ","Direccion":"174 CHASCOMUS 4500, JOSE LEON SUAREZ, General San Martin, Provincia de Buenos Aires","Entrecalle 1":"103 CHACO (D)","Entrecalle 2":"103 CHACO (D)","Latitude":-34.54487,"Longitude":-58.58785,"mes_relevamiento":"Diciembre","nro_reclamo":"2026-R -02876","submotivo":"ARBOL CAIDO","localidad":"JOSE LEON SUAREZ","direccion":"174 CHASCOMUS 4500, JOSE LEON SUAREZ, General San Martin, Provincia de Buenos Aires","entrecalle_1":"103 CHACO (D)","entrecalle_2":"103 CHACO (D)"},"geometry":{"type":"Point","coordinates":[-58.587845,-34.5448715]}},{"type":"Feature","properties":{"Nro. Reclamo":"2026-R -02924","SubMotivo":"ARBOL CAIDO","Localidad problema":"SAN MARTIN","Direccion":"62 PROFESOR ROGELIO VIDAL 6185, SAN MARTIN, General San Martin, Provincia de Buenos Aires","Entrecalle 1":"141 TRIUNVIRATO (A)","Entrecalle 2":"139 PRES. MONTT (C)","Latitude":-34.57619,"Longitude":-58.54592,"mes_relevamiento":"Diciembre","nro_reclamo":"2026-R -02924","submotivo":"ARBOL CAIDO","localidad":"SAN MARTIN","direccion":"62 PROFESOR ROGELIO VIDAL 6185, SAN MARTIN, General San Martin, Provincia de Buenos Aires","entrecalle_1":"141 TRIUNVIRATO (A)","entrecalle_2":"139 PRES. MONTT (C)"},"geometry":{"type":"Point","coordinates":[-58.54592,-34.57619]}},{"type":"Feature","properties":{"Nro. Reclamo":"2026-R -02944","SubMotivo":"ARBOL CAIDO","Localidad problema":"VILLA BALLESTER","Direccion":"69 ESMERALDA 5613, VILLA BALLESTER, General San Martin, Provincia de Buenos Aires","Entrecalle 1":"134 FALUCHO (C)","Entrecalle 2":"136 ITUZAINGO (C)","Latitude":-34.54551,"Longitude":-58.56224,"mes_relevamiento":"Diciembre","nro_reclamo":"2026-R -02944","submotivo":"ARBOL CAIDO","localidad":"VILLA BALLESTER","direccion":"69 ESMERALDA 5613, VILLA BALLESTER, General San Martin, Provincia de Buenos Aires","entrecalle_1":"134 FALUCHO (C)","entrecalle_2":"136 ITUZAINGO (C)"},"geometry":{"type":"Point","coordinates":[-58.5622371,-34.5455115]}},{"type":"Feature","properties":{"Nro. Reclamo":"2026-R -03188","SubMotivo":"ARBOL CAIDO","Localidad problema":"VILLA BALLESTER","Direccion":"94 SALTA 3119, VILLA BALLESTER, General San Martin, Provincia de Buenos Aires","Entrecalle 1":"75 CONGRESO (C)","Entrecalle 2":"96 POSADAS (P)","Latitude":-34.55872,"Longitude":-58.55117,"mes_relevamiento":"Diciembre","nro_reclamo":"2026-R -03188","submotivo":"ARBOL CAIDO","localidad":"VILLA BALLESTER","direccion":"94 SALTA 3119, VILLA BALLESTER, General San Martin, Provincia de Buenos Aires","entrecalle_1":"75 CONGRESO (C)","entrecalle_2":"96 POSADAS (P)"},"geometry":{"type":"Point","coordinates":[-58.5511704,-34.5587175]}},{"type":"Feature","properties":{"Nro. Reclamo":"2026-R -03228","SubMotivo":"ARBOL CAIDO","Localidad problema":"VILLA BALLESTER","Direccion":"51 REPUBLICA 5971, VILLA BALLESTER, General San Martin, Provincia de Buenos Aires","Entrecalle 1":"144 SARGENTO CABRAL (C)","Entrecalle 2":"140 PROFESOR G. SIMON (C)","Latitude":-34.53848,"Longitude":-58.56056,"mes_relevamiento":"Diciembre","nro_reclamo":"2026-R -03228","submotivo":"ARBOL CAIDO","localidad":"VILLA BALLESTER","direccion":"51 REPUBLICA 5971, VILLA BALLESTER, General San Martin, Provincia de Buenos Aires","entrecalle_1":"144 SARGENTO CABRAL (C)","entrecalle_2":"140 PROFESOR G. SIMON (C)"},"geometry":{"type":"Point","coordinates":[-58.5605564,-34.5384813]}},{"type":"Feature","properties":{"Nro. Reclamo":"2026-R -03408","SubMotivo":"ARBOL CAIDO","Localidad problema":"BILLINGHURST","Direccion":"137 PRINGLES 3572, BILLINGHURST, General San Martin, Provincia de Buenos Aires","Entrecalle 1":"86 GUIDO SPANO (C)","Entrecalle 2":"84 SARMIENTO (C)","Latitude":-34.58103,"Longitude":-58.57077,"mes_relevamiento":"Diciembre","nro_reclamo":"2026-R -03408","submotivo":"ARBOL CAIDO","localidad":"BILLINGHURST","direccion":"137 PRINGLES 3572, BILLINGHURST, General San Martin, Provincia de Buenos Aires","entrecalle_1":"86 GUIDO SPANO (C)","entrecalle_2":"84 SARMIENTO (C)"},"geometry":{"type":"Point","coordinates":[-58.570774,-34.581032]}},{"type":"Feature","properties":{"Nro. Reclamo":"2026-W -00455","SubMotivo":"ARBOL CAIDO","Localidad problema":"VILLA BALLESTER","Direccion":"134 CHACABUCO 3921, VILLA BALLESTER, General San Martin, Provincia de Buenos Aires","Entrecalle 1":"97 SAN PEDRO (C)","Entrecalle 2":"93 SAN JOSE DE FLORES (C)","Latitude":-34.55288,"Longitude":-58.57211,"mes_relevamiento":"Diciembre","nro_reclamo":"2026-W -00455","submotivo":"ARBOL CAIDO","localidad":"VILLA BALLESTER","direccion":"134 CHACABUCO 3921, VILLA BALLESTER, General San Martin, Provincia de Buenos Aires","entrecalle_1":"97 SAN PEDRO (C)","entrecalle_2":"93 SAN JOSE DE FLORES (C)"},"geometry":{"type":"Point","coordinates":[-58.5721088,-34.552884]}},{"type":"Feature","properties":{"Nro. Reclamo":"2026-R -03601","SubMotivo":"ARBOL CAIDO","Localidad problema":"SAN MARTIN","Direccion":"42 PERDRIEL 1600, SAN MARTIN, General San Martin, Provincia de Buenos Aires","Entrecalle 1":"93 PELLEGRINI (C)","Entrecalle 2":"93 PELLEGRINI (C)","Latitude":-34.56913,"Longitude":-58.51644,"mes_relevamiento":"Diciembre","nro_reclamo":"2026-R -03601","submotivo":"ARBOL CAIDO","localidad":"SAN MARTIN","direccion":"42 PERDRIEL 1600, SAN MARTIN, General San Martin, Provincia de Buenos Aires","entrecalle_1":"93 PELLEGRINI (C)","entrecalle_2":"93 PELLEGRINI (C)"},"geometry":{"type":"Point","coordinates":[-58.5164386,-34.5691269]}},{"type":"Feature","properties":{"Nro. Reclamo":"2026-R -04299","SubMotivo":"ARBOL CAIDO","Localidad problema":"JOSE LEON SUAREZ","Direccion":"35 CHIVILCOY 7440, JOSE LEON SUAREZ, General San Martin, Provincia de Buenos Aires","Entrecalle 1":"182 B. NOVARO (C)","Entrecalle 2":"182 B. NOVARO (C)","Latitude":-34.5243,"Longitude":-58.56814,"mes_relevamiento":"Diciembre","nro_reclamo":"2026-R -04299","submotivo":"ARBOL CAIDO","localidad":"JOSE LEON SUAREZ","direccion":"35 CHIVILCOY 7440, JOSE LEON SUAREZ, General San Martin, Provincia de Buenos Aires","entrecalle_1":"182 B. NOVARO (C)","entrecalle_2":"182 B. NOVARO (C)"},"geometry":{"type":"Point","coordinates":[-58.5681447,-34.5243029]}},{"type":"Feature","properties":{"Nro. Reclamo":"2026-R -04571","SubMotivo":"ARBOL CAIDO","Localidad problema":"SAN ANDRES","Direccion":"65 E. MARENGO 3011, SAN ANDRES, General San Martin, Provincia de Buenos Aires","Entrecalle 1":"76 J. M. CAMPOS (C)","Entrecalle 2":"72 A. PALACIOS (C)","Latitude":-34.56169,"Longitude":-58.54016,"mes_relevamiento":"Diciembre","nro_reclamo":"2026-R -04571","submotivo":"ARBOL CAIDO","localidad":"SAN ANDRES","direccion":"65 E. MARENGO 3011, SAN ANDRES, General San Martin, Provincia de Buenos Aires","entrecalle_1":"76 J. M. CAMPOS (C)","entrecalle_2":"72 A. PALACIOS (C)"},"geometry":{"type":"Point","coordinates":[-58.5401611,-34.5616891]}},{"type":"Feature","properties":{"Nro. Reclamo":"2026-R -04592","SubMotivo":"ARBOL CAIDO","Localidad problema":"JOSE LEON SUAREZ","Direccion":"35 CHIVILCOY 7400, JOSE LEON SUAREZ, General San Martin, Provincia de Buenos Aires","Entrecalle 1":"176 ZEBALLOS (C)","Entrecalle 2":"178 ROCA (C)","Latitude":-34.52496,"Longitude":-58.56728,"mes_relevamiento":"Diciembre","nro_reclamo":"2026-R -04592","submotivo":"ARBOL CAIDO","localidad":"JOSE LEON SUAREZ","direccion":"35 CHIVILCOY 7400, JOSE LEON SUAREZ, General San Martin, Provincia de Buenos Aires","entrecalle_1":"176 ZEBALLOS (C)","entrecalle_2":"178 ROCA (C)"},"geometry":{"type":"Point","coordinates":[-58.567283,-34.5249631]}},{"type":"Feature","properties":{"Nro. Reclamo":"2026-R -04975","SubMotivo":"ARBOL CAIDO","Localidad problema":"VILLA BALLESTER","Direccion":"138 MAIPU 4480, VILLA BALLESTER, General San Martin, Provincia de Buenos Aires","Entrecalle 1":"103 26 DE JULIO DE 1890 (C)","Entrecalle 2":"107 CABILDO (C)","Latitude":-34.55499,"Longitude":-58.57686,"mes_relevamiento":"Diciembre","nro_reclamo":"2026-R -04975","submotivo":"ARBOL CAIDO","localidad":"VILLA BALLESTER","direccion":"138 MAIPU 4480, VILLA BALLESTER, General San Martin, Provincia de Buenos Aires","entrecalle_1":"103 26 DE JULIO DE 1890 (C)","entrecalle_2":"107 CABILDO (C)"},"geometry":{"type":"Point","coordinates":[-58.5768575,-34.5549914]}},{"type":"Feature","properties":{"Nro. Reclamo":"2025-R -67372","SubMotivo":"INUNDACIONES","Localidad problema":"BILLINGHURST","Direccion":"112 CONESA 5095, BILLINGHURST, General San Martin, Provincia de Buenos Aires","Entrecalle 1":"115 MAESTRO DASSO (C)","Entrecalle 2":"117 PICHINCHA (C)","Latitude":-34.5665,"Longitude":-58.57142,"mes_relevamiento":"Diciembre","nro_reclamo":"2025-R -67372","submotivo":"INUNDACIONES","localidad":"BILLINGHURST","direccion":"112 CONESA 5095, BILLINGHURST, General San Martin, Provincia de Buenos Aires","entrecalle_1":"115 MAESTRO DASSO (C)","entrecalle_2":"117 PICHINCHA (C)"},"geometry":{"type":"Point","coordinates":[-58.5714241,-34.5664987]}},{"type":"Feature","properties":{"Nro. Reclamo":"2025-R -67407","SubMotivo":"INUNDACIONES","Localidad problema":"SAN MARTIN","Direccion":"111 CASTELLI 1922, SAN MARTIN, General San Martin, Provincia de Buenos Aires","Entrecalle 1":"52 BELGRANO (C)","Entrecalle 2":"48 MORENO (C)","Latitude":-34.58454,"Longitude":-58.54398,"mes_relevamiento":"Diciembre","nro_reclamo":"2025-R -67407","submotivo":"INUNDACIONES","localidad":"SAN MARTIN","direccion":"111 CASTELLI 1922, SAN MARTIN, General San Martin, Provincia de Buenos Aires","entrecalle_1":"52 BELGRANO (C)","entrecalle_2":"48 MORENO (C)"},"geometry":{"type":"Point","coordinates":[-58.5439799,-34.5845383]}},{"type":"Feature","properties":{"Nro. Reclamo":"2025-R -67374","SubMotivo":"INUNDACIONES","Localidad problema":"VILLA LIBERTAD","Direccion":"137 INFANTA ISABEL 3166, VILLA LIBERTAD, General San Martin, Provincia de Buenos Aires","Entrecalle 1":"78 J. M BOSCH (C)","Entrecalle 2":"76 D. POMBO (C)","Latitude":-34.58372,"Longitude":-58.56762,"mes_relevamiento":"Diciembre","nro_reclamo":"2025-R -67374","submotivo":"INUNDACIONES","localidad":"VILLA LIBERTAD","direccion":"137 INFANTA ISABEL 3166, VILLA LIBERTAD, General San Martin, Provincia de Buenos Aires","entrecalle_1":"78 J. M BOSCH (C)","entrecalle_2":"76 D. POMBO (C)"},"geometry":{"type":"Point","coordinates":[-58.5676175,-34.5837221]}},{"type":"Feature","properties":{"Nro. Reclamo":"2025-R -67378","SubMotivo":"INUNDACIONES","Localidad problema":"VILLA LYNCH","Direccion":"58 SAN VICENTE 5491, VILLA LYNCH, General San Martin, Provincia de Buenos Aires","Entrecalle 1":"125 CASTRO (P)","Entrecalle 2":"125 AV. EVA PERON (A)","Latitude":-34.58654,"Longitude":-58.5539,"mes_relevamiento":"Diciembre","nro_reclamo":"2025-R -67378","submotivo":"INUNDACIONES","localidad":"VILLA LYNCH","direccion":"58 SAN VICENTE 5491, VILLA LYNCH, General San Martin, Provincia de Buenos Aires","entrecalle_1":"125 CASTRO (P)","entrecalle_2":"125 AV. EVA PERON (A)"},"geometry":{"type":"Point","coordinates":[-58.5538985,-34.5865377]}},{"type":"Feature","properties":{"Nro. Reclamo":"2025-R -67379","SubMotivo":"INUNDACIONES","Localidad problema":"VILLA MAIPU","Direccion":"69 ITUZAINGO 2186, VILLA MAIPU, General San Martin, Provincia de Buenos Aires","Entrecalle 1":"54 MITRE (C)","Entrecalle 2":"56 MATHEU (C)","Latitude":-34.57048,"Longitude":-58.53256,"mes_relevamiento":"Diciembre","nro_reclamo":"2025-R -67379","submotivo":"INUNDACIONES","localidad":"VILLA MAIPU","direccion":"69 ITUZAINGO 2186, VILLA MAIPU, General San Martin, Provincia de Buenos Aires","entrecalle_1":"54 MITRE (C)","entrecalle_2":"56 MATHEU (C)"},"geometry":{"type":"Point","coordinates":[-58.5325626,-34.5704781]}},{"type":"Feature","properties":{"Nro. Reclamo":"2025-R -67387","SubMotivo":"INUNDACIONES","Localidad problema":"SAN MARTIN","Direccion":"55 JOSE HERNANDEZ 2549, SAN MARTIN, General San Martin, Provincia de Buenos Aires","Entrecalle 1":"62 PROFESOR ROGELIO VIDAL (C)","Entrecalle 2":"64 3 DE FEBRERO (C)","Latitude":-34.56146,"Longitude":-58.56441,"mes_relevamiento":"Diciembre","nro_reclamo":"2025-R -67387","submotivo":"INUNDACIONES","localidad":"SAN MARTIN","direccion":"55 JOSE HERNANDEZ 2549, SAN MARTIN, General San Martin, Provincia de Buenos Aires","entrecalle_1":"62 PROFESOR ROGELIO VIDAL (C)","entrecalle_2":"64 3 DE FEBRERO (C)"},"geometry":{"type":"Point","coordinates":[-58.5644051,-34.5614589]}},{"type":"Feature","properties":{"Nro. Reclamo":"2025-R -67388","SubMotivo":"INUNDACIONES","Localidad problema":"JOSE LEON SUAREZ","Direccion":"57 BOULEVARD BALLESTER 6567, JOSE LEON SUAREZ, General San Martin, Provincia de Buenos Aires","Entrecalle 1":"158 ALSINA (C)","Entrecalle 2":"162 RAWSON (C)","Latitude":-34.53522,"Longitude":-58.56809,"mes_relevamiento":"Diciembre","nro_reclamo":"2025-R -67388","submotivo":"INUNDACIONES","localidad":"JOSE LEON SUAREZ","direccion":"57 BOULEVARD BALLESTER 6567, JOSE LEON SUAREZ, General San Martin, Provincia de Buenos Aires","entrecalle_1":"158 ALSINA (C)","entrecalle_2":"162 RAWSON (C)"},"geometry":{"type":"Point","coordinates":[-58.5680932,-34.535222]}},{"type":"Feature","properties":{"Nro. Reclamo":"2025-R -67392","SubMotivo":"INUNDACIONES","Localidad problema":"SAN ANDRES","Direccion":"64 3 DE FEBRERO 2878, SAN ANDRES, General San Martin, Provincia de Buenos Aires","Entrecalle 1":"69 ITUZAINGO (C)","Entrecalle 2":"67 CONSCRIPTO BERNARDI (C)","Latitude":-34.5695,"Longitude":-58.54003,"mes_relevamiento":"Diciembre","nro_reclamo":"2025-R -67392","submotivo":"INUNDACIONES","localidad":"SAN ANDRES","direccion":"64 3 DE FEBRERO 2878, SAN ANDRES, General San Martin, Provincia de Buenos Aires","entrecalle_1":"69 ITUZAINGO (C)","entrecalle_2":"67 CONSCRIPTO BERNARDI (C)"},"geometry":{"type":"Point","coordinates":[-58.5400293,-34.5694968]}},{"type":"Feature","properties":{"Nro. Reclamo":"2025-R -67395","SubMotivo":"INUNDACIONES","Localidad problema":"SAN MARTIN","Direccion":"44 JUAREZ 3252, SAN MARTIN, General San Martin, Provincia de Buenos Aires","Entrecalle 1":"79 25 DE MAYO (C)","Entrecalle 2":"77 SAAVEDRA (C)","Latitude":-34.5769,"Longitude":-58.53005,"mes_relevamiento":"Diciembre","nro_reclamo":"2025-R -67395","submotivo":"INUNDACIONES","localidad":"SAN MARTIN","direccion":"44 JUAREZ 3252, SAN MARTIN, General San Martin, Provincia de Buenos Aires","entrecalle_1":"79 25 DE MAYO (C)","entrecalle_2":"77 SAAVEDRA (C)"},"geometry":{"type":"Point","coordinates":[-58.5300523,-34.5768963]}},{"type":"Feature","properties":{"Nro. Reclamo":"2025-R -67396","SubMotivo":"INUNDACIONES","Localidad problema":"VILLA MAIPU","Direccion":"54 MITRE 2965, VILLA MAIPU, General San Martin, Provincia de Buenos Aires","Entrecalle 1":"71 LAS HERAS (C)","Entrecalle 2":"71 LAS HERAS (C)","Latitude":-34.57144,"Longitude":-58.53221,"mes_relevamiento":"Diciembre","nro_reclamo":"2025-R -67396","submotivo":"INUNDACIONES","localidad":"VILLA MAIPU","direccion":"54 MITRE 2965, VILLA MAIPU, General San Martin, Provincia de Buenos Aires","entrecalle_1":"71 LAS HERAS (C)","entrecalle_2":"71 LAS HERAS (C)"},"geometry":{"type":"Point","coordinates":[-58.5322136,-34.5714393]}},{"type":"Feature","properties":{"Nro. Reclamo":"2025-R -67400","SubMotivo":"INUNDACIONES","Localidad problema":"JOSE LEON SUAREZ","Direccion":"158 ALSINA 2484, JOSE LEON SUAREZ, General San Martin, Provincia de Buenos Aires","Entrecalle 1":"57 BOULEVARD BALLESTER (C)","Entrecalle 2":"57 BOULEVARD BALLESTER (C)","Latitude":-34.53555,"Longitude":-58.56743,"mes_relevamiento":"Diciembre","nro_reclamo":"2025-R -67400","submotivo":"INUNDACIONES","localidad":"JOSE LEON SUAREZ","direccion":"158 ALSINA 2484, JOSE LEON SUAREZ, General San Martin, Provincia de Buenos Aires","entrecalle_1":"57 BOULEVARD BALLESTER (C)","entrecalle_2":"57 BOULEVARD BALLESTER (C)"},"geometry":{"type":"Point","coordinates":[-58.5674266,-34.5355534]}},{"type":"Feature","properties":{"Nro. Reclamo":"2025-R -67408","SubMotivo":"INUNDACIONES","Localidad problema":"JOSE LEON SUAREZ","Direccion":"224 R. OBLIGADO 1228, JOSE LEON SUAREZ, General San Martin, Provincia de Buenos Aires","Entrecalle 1":"25 SARRATEA (C)","Entrecalle 2":"25 SARRATEA (C)","Latitude":-34.50811,"Longitude":-58.58015,"mes_relevamiento":"Diciembre","nro_reclamo":"2025-R -67408","submotivo":"INUNDACIONES","localidad":"JOSE LEON SUAREZ","direccion":"224 R. OBLIGADO 1228, JOSE LEON SUAREZ, General San Martin, Provincia de Buenos Aires","entrecalle_1":"25 SARRATEA (C)","entrecalle_2":"25 SARRATEA (C)"},"geometry":{"type":"Point","coordinates":[-58.5801508,-34.5081148]}},{"type":"Feature","properties":{"Nro. Reclamo":"2025-R -67411","SubMotivo":"INUNDACIONES","Localidad problema":"JOSE LEON SUAREZ","Direccion":"170 DIAGONAL CONCEJAL CALCAGNO 3558, JOSE LEON SUAREZ, General San Martin, Provincia de Buenos Aires","Entrecalle 1":"79 A. DEL VALLE (D)","Entrecalle 2":"77 A. STORNI (P)","Latitude":-34.54172,"Longitude":-58.57835,"mes_relevamiento":"Diciembre","nro_reclamo":"2025-R -67411","submotivo":"INUNDACIONES","localidad":"JOSE LEON SUAREZ","direccion":"170 DIAGONAL CONCEJAL CALCAGNO 3558, JOSE LEON SUAREZ, General San Martin, Provincia de Buenos Aires","entrecalle_1":"79 A. DEL VALLE (D)","entrecalle_2":"77 A. STORNI (P)"},"geometry":{"type":"Point","coordinates":[-58.5783468,-34.5417162]}},{"type":"Feature","properties":{"Nro. Reclamo":"2025-R -67412","SubMotivo":"INUNDACIONES","Localidad problema":"LOMA HERMOSA","Direccion":"113 SOLDADO A. FOLCH 7100, LOMA HERMOSA, General San Martin, Provincia de Buenos Aires","Entrecalle 1":"174 LAS MARGARITAS (C)","Entrecalle 2":"170 LAS VIOLETAS (C)","Latitude":-34.54879,"Longitude":-58.591,"mes_relevamiento":"Diciembre","nro_reclamo":"2025-R -67412","submotivo":"INUNDACIONES","localidad":"LOMA HERMOSA","direccion":"113 SOLDADO A. FOLCH 7100, LOMA HERMOSA, General San Martin, Provincia de Buenos Aires","entrecalle_1":"174 LAS MARGARITAS (C)","entrecalle_2":"170 LAS VIOLETAS (C)"},"geometry":{"type":"Point","coordinates":[-58.5909972,-34.5487906]}},{"type":"Feature","properties":{"Nro. Reclamo":"2025-R -67415","SubMotivo":"INUNDACIONES","Localidad problema":"LOMA HERMOSA","Direccion":"166 EL PENSAMIENTO 4965, LOMA HERMOSA, General San Martin, Provincia de Buenos Aires","Entrecalle 1":"113 SOLDADO A. FOLCH (C)","Entrecalle 2":"113 SOLDADO A. FOLCH (C)","Latitude":-34.5503,"Longitude":-58.5891,"mes_relevamiento":"Diciembre","nro_reclamo":"2025-R -67415","submotivo":"INUNDACIONES","localidad":"LOMA HERMOSA","direccion":"166 EL PENSAMIENTO 4965, LOMA HERMOSA, General San Martin, Provincia de Buenos Aires","entrecalle_1":"113 SOLDADO A. FOLCH (C)","entrecalle_2":"113 SOLDADO A. FOLCH (C)"},"geometry":{"type":"Point","coordinates":[-58.5890969,-34.5502964]}},{"type":"Feature","properties":{"Nro. Reclamo":"2025-R -67475","SubMotivo":"INUNDACIONES","Localidad problema":"VILLA BALLESTER","Direccion":"103 26 DE JULIO DE 1890 4862, VILLA BALLESTER, General San Martin, Provincia de Buenos Aires","Entrecalle 1":"112 VICENTE LOPEZ (C)","Entrecalle 2":"116 ALTE. BROWN (C)","Latitude":-34.56134,"Longitude":-58.56764,"mes_relevamiento":"Diciembre","nro_reclamo":"2025-R -67475","submotivo":"INUNDACIONES","localidad":"VILLA BALLESTER","direccion":"103 26 DE JULIO DE 1890 4862, VILLA BALLESTER, General San Martin, Provincia de Buenos Aires","entrecalle_1":"112 VICENTE LOPEZ (C)","entrecalle_2":"116 ALTE. BROWN (C)"},"geometry":{"type":"Point","coordinates":[-58.5676368,-34.561337]}},{"type":"Feature","properties":{"Nro. Reclamo":"2025-R -68241","SubMotivo":"INUNDACIONES","Localidad problema":"VILLA MAIPU","Direccion":"46 LINCOLN 2644, VILLA MAIPU, General San Martin, Provincia de Buenos Aires","Entrecalle 1":"63 ALMAFUERTE (C)","Entrecalle 2":"63 ALMAFUERTE (C)","Latitude":-34.5724,"Longitude":-58.52601,"mes_relevamiento":"Diciembre","nro_reclamo":"2025-R -68241","submotivo":"INUNDACIONES","localidad":"VILLA MAIPU","direccion":"46 LINCOLN 2644, VILLA MAIPU, General San Martin, Provincia de Buenos Aires","entrecalle_1":"63 ALMAFUERTE (C)","entrecalle_2":"63 ALMAFUERTE (C)"},"geometry":{"type":"Point","coordinates":[-58.526007,-34.5723961]}},{"type":"Feature","properties":{"Nro. Reclamo":"2026-R -00696","SubMotivo":"INUNDACIONES","Localidad problema":"VILLA LYNCH","Direccion":"52 BELGRANO 4704, VILLA LYNCH, General San Martin, Provincia de Buenos Aires","Entrecalle 1":"111 CASTELLI (C)","Entrecalle 2":"111 CASTELLI (C)","Latitude":-34.58403,"Longitude":-58.54468,"mes_relevamiento":"Diciembre","nro_reclamo":"2026-R -00696","submotivo":"INUNDACIONES","localidad":"VILLA LYNCH","direccion":"52 BELGRANO 4704, VILLA LYNCH, General San Martin, Provincia de Buenos Aires","entrecalle_1":"111 CASTELLI (C)","entrecalle_2":"111 CASTELLI (C)"},"geometry":{"type":"Point","coordinates":[-58.5446765,-34.5840323]}},{"type":"Feature","properties":{"Nro. Reclamo":"2026-R -00698","SubMotivo":"INUNDACIONES","Localidad problema":"VILLA LYNCH","Direccion":"44 JUAREZ 3369, VILLA LYNCH, General San Martin, Provincia de Buenos Aires","Entrecalle 1":"84 SARMIENTO (C)","Entrecalle 2":"79 25 DE MAYO (D)","Latitude":-34.57757,"Longitude":-58.53118,"mes_relevamiento":"Diciembre","nro_reclamo":"2026-R -00698","submotivo":"INUNDACIONES","localidad":"VILLA LYNCH","direccion":"44 JUAREZ 3369, VILLA LYNCH, General San Martin, Provincia de Buenos Aires","entrecalle_1":"84 SARMIENTO (C)","entrecalle_2":"79 25 DE MAYO (D)"},"geometry":{"type":"Point","coordinates":[-58.5311815,-34.5775701]}},{"type":"Feature","properties":{"Nro. Reclamo":"2026-R -00700","SubMotivo":"INUNDACIONES","Localidad problema":"VILLA LYNCH","Direccion":"101 AVENIDA DR. RICARDO BALBIN 1566, VILLA LYNCH, General San Martin, Provincia de Buenos Aires","Entrecalle 1":"0 IRIGOYEN (C)","Entrecalle 2":"42 PERDRIEL (C)","Latitude":-34.58526,"Longitude":-58.53702,"mes_relevamiento":"Diciembre","nro_reclamo":"2026-R -00700","submotivo":"INUNDACIONES","localidad":"VILLA LYNCH","direccion":"101 AVENIDA DR. RICARDO BALBIN 1566, VILLA LYNCH, General San Martin, Provincia de Buenos Aires","entrecalle_1":"0 IRIGOYEN (C)","entrecalle_2":"42 PERDRIEL (C)"},"geometry":{"type":"Point","coordinates":[-58.5370154,-34.585263]}},{"type":"Feature","properties":{"Nro. Reclamo":"2026-R -00703","SubMotivo":"INUNDACIONES","Localidad problema":"SAN ANDRES","Direccion":"114 ALVEAR 2185, SAN ANDRES, General San Martin, Provincia de Buenos Aires","Entrecalle 1":"56 MATHEU (C)","Entrecalle 2":"56 MATHEU (C)","Latitude":-34.54571,"Longitude":-58.54971,"mes_relevamiento":"Diciembre","nro_reclamo":"2026-R -00703","submotivo":"INUNDACIONES","localidad":"SAN ANDRES","direccion":"114 ALVEAR 2185, SAN ANDRES, General San Martin, Provincia de Buenos Aires","entrecalle_1":"56 MATHEU (C)","entrecalle_2":"56 MATHEU (C)"},"geometry":{"type":"Point","coordinates":[-58.5497122,-34.5457117]}},{"type":"Feature","properties":{"Nro. Reclamo":"2026-R -00705","SubMotivo":"INUNDACIONES","Localidad problema":"SAN ANDRES","Direccion":"60 RIVADAVIA 2734, SAN ANDRES, General San Martin, Provincia de Buenos Aires","Entrecalle 1":"66 J. C. PAZ (C)","Entrecalle 2":"68 LIBERTAD (C)","Latitude":-34.61022,"Longitude":-58.40553,"mes_relevamiento":"Diciembre","nro_reclamo":"2026-R -00705","submotivo":"INUNDACIONES","localidad":"SAN ANDRES","direccion":"60 RIVADAVIA 2734, SAN ANDRES, General San Martin, Provincia de Buenos Aires","entrecalle_1":"66 J. C. PAZ (C)","entrecalle_2":"68 LIBERTAD (C)"},"geometry":{"type":"Point","coordinates":[-58.4055285,-34.6102188]}},{"type":"Feature","properties":{"Nro. Reclamo":"2026-R -00709","SubMotivo":"INUNDACIONES","Localidad problema":"SAN ANDRES","Direccion":"84 INT. CASARES 3076, SAN ANDRES, General San Martin, Provincia de Buenos Aires","Entrecalle 1":"71 AMERICA (C)","Entrecalle 2":"75 CONGRESO (C)","Latitude":-34.56133,"Longitude":-58.54669,"mes_relevamiento":"Diciembre","nro_reclamo":"2026-R -00709","submotivo":"INUNDACIONES","localidad":"SAN ANDRES","direccion":"84 INT. CASARES 3076, SAN ANDRES, General San Martin, Provincia de Buenos Aires","entrecalle_1":"71 AMERICA (C)","entrecalle_2":"75 CONGRESO (C)"},"geometry":{"type":"Point","coordinates":[-58.546693,-34.5613276]}},{"type":"Feature","properties":{"Nro. Reclamo":"2026-R -00713","SubMotivo":"INUNDACIONES","Localidad problema":"VILLA BONICH","Direccion":"123 BELGRANO 3615, VILLA BONICH, General San Martin, Provincia de Buenos Aires","Entrecalle 1":"86 GUIDO SPANO (C)","Entrecalle 2":"88 AZOPARDO (C)","Latitude":-34.57512,"Longitude":-58.56477,"mes_relevamiento":"Diciembre","nro_reclamo":"2026-R -00713","submotivo":"INUNDACIONES","localidad":"VILLA BONICH","direccion":"123 BELGRANO 3615, VILLA BONICH, General San Martin, Provincia de Buenos Aires","entrecalle_1":"86 GUIDO SPANO (C)","entrecalle_2":"88 AZOPARDO (C)"},"geometry":{"type":"Point","coordinates":[-58.5647738,-34.5751197]}},{"type":"Feature","properties":{"Nro. Reclamo":"2025-R -67900","SubMotivo":"DESTAPACION DE SUMIDERO","Localidad problema":"SAN MARTIN","Direccion":"104 PRIMERA JUNTA 4940, SAN MARTIN, General San Martin, Provincia de Buenos Aires","Entrecalle 1":"113 ALVEAR (C)","Entrecalle 2":"115 MTRO. DASSO (C)","Latitude":-34.56793,"Longitude":-58.56728,"mes_relevamiento":"Diciembre","nro_reclamo":"2025-R -67900","submotivo":"DESTAPACION DE SUMIDERO","localidad":"SAN MARTIN","direccion":"104 PRIMERA JUNTA 4940, SAN MARTIN, General San Martin, Provincia de Buenos Aires","entrecalle_1":"113 ALVEAR (C)","entrecalle_2":"115 MTRO. DASSO (C)"},"geometry":{"type":"Point","coordinates":[-58.5672798,-34.5679301]}},{"type":"Feature","properties":{"Nro. Reclamo":"2026-R -04099","SubMotivo":"DESTAPACION DE SUMIDERO","Localidad problema":"VILLA BALLESTER","Direccion":"113 25 DE MAYO 6200, VILLA BALLESTER, General San Martin, Provincia de Buenos Aires","Entrecalle 1":"148 BETINOTTI (P)","Entrecalle 2":"148 MAR DEL PLATA (C)","Latitude":-34.55441,"Longitude":-58.58407,"mes_relevamiento":"Diciembre","nro_reclamo":"2026-R -04099","submotivo":"DESTAPACION DE SUMIDERO","localidad":"VILLA BALLESTER","direccion":"113 25 DE MAYO 6200, VILLA BALLESTER, General San Martin, Provincia de Buenos Aires","entrecalle_1":"148 BETINOTTI (P)","entrecalle_2":"148 MAR DEL PLATA (C)"},"geometry":{"type":"Point","coordinates":[-58.5840696,-34.5544114]}},{"type":"Feature","properties":{"Nro. Reclamo":"2025-R -66643","SubMotivo":"DESTAPACION DE SUMIDERO","Localidad problema":"SAN ANDRES","Direccion":"78 SANTA ROSALIA 1400, SAN ANDRES, General San Martin, Provincia de Buenos Aires","Entrecalle 1":"31 DORREGO (C)","Entrecalle 2":"31 DORREGO (C)","Latitude":-34.5496,"Longitude":-58.53095,"mes_relevamiento":"Diciembre","nro_reclamo":"2025-R -66643","submotivo":"DESTAPACION DE SUMIDERO","localidad":"SAN ANDRES","direccion":"78 SANTA ROSALIA 1400, SAN ANDRES, General San Martin, Provincia de Buenos Aires","entrecalle_1":"31 DORREGO (C)","entrecalle_2":"31 DORREGO (C)"},"geometry":{"type":"Point","coordinates":[-58.5309524,-34.5495999]}},{"type":"Feature","properties":{"Nro. Reclamo":"2025-R -68511","SubMotivo":"DESTAPACION DE SUMIDERO","Localidad problema":"VILLA BONICH","Direccion":"96 ALSINA 5079, VILLA BONICH, General San Martin, Provincia de Buenos Aires","Entrecalle 1":"117 PICHINCHA (C)","Entrecalle 2":"117 PICHINCHA (C)","Latitude":-34.57115,"Longitude":-58.56589,"mes_relevamiento":"Diciembre","nro_reclamo":"2025-R -68511","submotivo":"DESTAPACION DE SUMIDERO","localidad":"VILLA BONICH","direccion":"96 ALSINA 5079, VILLA BONICH, General San Martin, Provincia de Buenos Aires","entrecalle_1":"117 PICHINCHA (C)","entrecalle_2":"117 PICHINCHA (C)"},"geometry":{"type":"Point","coordinates":[-58.5658927,-34.5711475]}},{"type":"Feature","properties":{"Nro. Reclamo":"2026-R -01354","SubMotivo":"DESTAPACION DE SUMIDERO","Localidad problema":"VILLA BONICH","Direccion":"96 ALSINA 5079, VILLA BONICH, General San Martin, Provincia de Buenos Aires","Entrecalle 1":"117 PICHINCHA (C)","Entrecalle 2":"117 PICHINCHA (C)","Latitude":-34.57115,"Longitude":-58.56589,"mes_relevamiento":"Diciembre","nro_reclamo":"2026-R -01354","submotivo":"DESTAPACION DE SUMIDERO","localidad":"VILLA BONICH","direccion":"96 ALSINA 5079, VILLA BONICH, General San Martin, Provincia de Buenos Aires","entrecalle_1":"117 PICHINCHA (C)","entrecalle_2":"117 PICHINCHA (C)"},"geometry":{"type":"Point","coordinates":[-58.5658927,-34.5711475]}},{"type":"Feature","properties":{"Nro. Reclamo":"2026-R -03868","SubMotivo":"DESTAPACION DE SUMIDERO","Localidad problema":"SAN ANDRES","Direccion":"92 J. V. GONZALEZ 1569, SAN ANDRES, General San Martin, Provincia de Buenos Aires","Entrecalle 1":"31 TANDIL (C)","Entrecalle 2":"33 DORREGO (C)","Latitude":-34.54822,"Longitude":-58.53731,"mes_relevamiento":"Diciembre","nro_reclamo":"2026-R -03868","submotivo":"DESTAPACION DE SUMIDERO","localidad":"SAN ANDRES","direccion":"92 J. V. GONZALEZ 1569, SAN ANDRES, General San Martin, Provincia de Buenos Aires","entrecalle_1":"31 TANDIL (C)","entrecalle_2":"33 DORREGO (C)"},"geometry":{"type":"Point","coordinates":[-58.5373066,-34.5482187]}},{"type":"Feature","properties":{"Nro. Reclamo":"2025-W -07623","SubMotivo":"DESTAPACION DE SUMIDERO","Localidad problema":"SAN ANDRES","Direccion":"99 GUEMES 2904, SAN ANDRES, General San Martin, Provincia de Buenos Aires","Entrecalle 1":"70 LA CRUJIA (C)","Entrecalle 2":"70 LA CRUJIA (C)","Latitude":-34.57286,"Longitude":-58.55043,"mes_relevamiento":"Diciembre","nro_reclamo":"2025-W -07623","submotivo":"DESTAPACION DE SUMIDERO","localidad":"SAN ANDRES","direccion":"99 GUEMES 2904, SAN ANDRES, General San Martin, Provincia de Buenos Aires","entrecalle_1":"70 LA CRUJIA (C)","entrecalle_2":"70 LA CRUJIA (C)"},"geometry":{"type":"Point","coordinates":[-58.5504288,-34.5728606]}},{"type":"Feature","properties":{"Nro. Reclamo":"2025-W -07744","SubMotivo":"DESTAPACION DE SUMIDERO","Localidad problema":"SAN MARTÍN","Direccion":"117 SUIPACHA 2209, SAN MARTIN, General San Martin, Provincia de Buenos Aires","Entrecalle 1":"58 PUEYRREDON (C)","Entrecalle 2":"58 PUEYRREDON (C)","Latitude":-34.58383,"Longitude":-58.54897,"mes_relevamiento":"Diciembre","nro_reclamo":"2025-W -07744","submotivo":"DESTAPACION DE SUMIDERO","localidad":"SAN MARTÍN","direccion":"117 SUIPACHA 2209, SAN MARTIN, General San Martin, Provincia de Buenos Aires","entrecalle_1":"58 PUEYRREDON (C)","entrecalle_2":"58 PUEYRREDON (C)"},"geometry":{"type":"Point","coordinates":[-58.5489698,-34.5838262]}},{"type":"Feature","properties":{"Nro. Reclamo":"2025-W -07760","SubMotivo":"DESTAPACION DE SUMIDERO","Localidad problema":"VILLA SAN ANDRÉS","Direccion":"89 DR. RAMON CARRILLO 3197, VILLA SAN ANDRES, General San Martin, Provincia de Buenos Aires","Entrecalle 1":"78 INT. BALLESTER (C)","Entrecalle 2":"78 INT. BALLESTER (C)","Latitude":-34.56735,"Longitude":-58.54974,"mes_relevamiento":"Diciembre","nro_reclamo":"2025-W -07760","submotivo":"DESTAPACION DE SUMIDERO","localidad":"VILLA SAN ANDRÉS","direccion":"89 DR. RAMON CARRILLO 3197, VILLA SAN ANDRES, General San Martin, Provincia de Buenos Aires","entrecalle_1":"78 INT. BALLESTER (C)","entrecalle_2":"78 INT. BALLESTER (C)"},"geometry":{"type":"Point","coordinates":[-58.549741,-34.5673483]}},{"type":"Feature","properties":{"Nro. Reclamo":"2025-R -67466","SubMotivo":"DESTAPACION DE SUMIDERO","Localidad problema":"VILLA BALLESTER","Direccion":"116 ALTE. BROWN 4300, VILLA BALLESTER, General San Martin, Provincia de Buenos Aires","Entrecalle 1":"103 26 DE JULIO DE 1890 (C)","Entrecalle 2":"103 26 DE JULIO DE 1890 (C)","Latitude":-34.56101,"Longitude":-58.56798,"mes_relevamiento":"Diciembre","nro_reclamo":"2025-R -67466","submotivo":"DESTAPACION DE SUMIDERO","localidad":"VILLA BALLESTER","direccion":"116 ALTE. BROWN 4300, VILLA BALLESTER, General San Martin, Provincia de Buenos Aires","entrecalle_1":"103 26 DE JULIO DE 1890 (C)","entrecalle_2":"103 26 DE JULIO DE 1890 (C)"},"geometry":{"type":"Point","coordinates":[-58.5679754,-34.5610075]}},{"type":"Feature","properties":{"Nro. Reclamo":"2025-W -07773","SubMotivo":"DESTAPACION DE SUMIDERO","Localidad problema":"VILLA BALLESTER","Direccion":"65 INDEPENDENCIA 5401, VILLA BALLESTER, General San Martin, Provincia de Buenos Aires","Entrecalle 1":"130 SAN LORENZO (C)","Entrecalle 2":"130 SAN LORENZO (C)","Latitude":-34.54604,"Longitude":-58.56013,"mes_relevamiento":"Diciembre","nro_reclamo":"2025-W -07773","submotivo":"DESTAPACION DE SUMIDERO","localidad":"VILLA BALLESTER","direccion":"65 INDEPENDENCIA 5401, VILLA BALLESTER, General San Martin, Provincia de Buenos Aires","entrecalle_1":"130 SAN LORENZO (C)","entrecalle_2":"130 SAN LORENZO (C)"},"geometry":{"type":"Point","coordinates":[-58.5601311,-34.5460404]}},{"type":"Feature","properties":{"Nro. Reclamo":"2025-W -67555","SubMotivo":"DESTAPACION DE SUMIDERO","Localidad problema":"VILLA BALLESTER","Direccion":"130 CUBA 5110, VILLA BALLESTER, General San Martin, Provincia de Buenos Aires","Entrecalle 1":"117 AV. COLON (C)","Entrecalle 2":"117 AV. COLON (C)","Latitude":-34.54811,"Longitude":-58.56394,"mes_relevamiento":"Diciembre","nro_reclamo":"2025-W -67555","submotivo":"DESTAPACION DE SUMIDERO","localidad":"VILLA BALLESTER","direccion":"130 CUBA 5110, VILLA BALLESTER, General San Martin, Provincia de Buenos Aires","entrecalle_1":"117 AV. COLON (C)","entrecalle_2":"117 AV. COLON (C)"},"geometry":{"type":"Point","coordinates":[-58.5639373,-34.5481148]}},{"type":"Feature","properties":{"Nro. Reclamo":"2025-W -07821","SubMotivo":"DESTAPACION DE SUMIDERO","Localidad problema":"VILLA BALLESTER","Direccion":"130 CUBA 5112, VILLA BALLESTER, General San Martin, Provincia de Buenos Aires","Entrecalle 1":"117 AV. COLON (C)","Entrecalle 2":"119 ESPAÑA (C)","Latitude":-34.54811,"Longitude":-58.56394,"mes_relevamiento":"Diciembre","nro_reclamo":"2025-W -07821","submotivo":"DESTAPACION DE SUMIDERO","localidad":"VILLA BALLESTER","direccion":"130 CUBA 5112, VILLA BALLESTER, General San Martin, Provincia de Buenos Aires","entrecalle_1":"117 AV. COLON (C)","entrecalle_2":"119 ESPAÑA (C)"},"geometry":{"type":"Point","coordinates":[-58.5639373,-34.5481148]}},{"type":"Feature","properties":{"Nro. Reclamo":"2025-W -07864","SubMotivo":"DESTAPACION DE SUMIDERO","Localidad problema":"VILLA BALLESTER","Direccion":"111 URQUIZA 6190, VILLA BALLESTER, General San Martin, Provincia de Buenos Aires","Entrecalle 1":"148 MAR DEL PLATA (C)","Entrecalle 2":"148 MAR DEL PLATA (C)","Latitude":-34.55362,"Longitude":-58.58313,"mes_relevamiento":"Diciembre","nro_reclamo":"2025-W -07864","submotivo":"DESTAPACION DE SUMIDERO","localidad":"VILLA BALLESTER","direccion":"111 URQUIZA 6190, VILLA BALLESTER, General San Martin, Provincia de Buenos Aires","entrecalle_1":"148 MAR DEL PLATA (C)","entrecalle_2":"148 MAR DEL PLATA (C)"},"geometry":{"type":"Point","coordinates":[-58.5831332,-34.5536221]}},{"type":"Feature","properties":{"Nro. Reclamo":"2025-W -07893","SubMotivo":"DESTAPACION DE SUMIDERO","Localidad problema":"SAN MARTÍN","Direccion":"46 LINCOLN 4198, SAN MARTIN, General San Martin, Provincia de Buenos Aires","Entrecalle 1":"99 GRAL. ROCA (C)","Entrecalle 2":"97 LINIERS (C)","Latitude":-34.58222,"Longitude":-58.53841,"mes_relevamiento":"Diciembre","nro_reclamo":"2025-W -07893","submotivo":"DESTAPACION DE SUMIDERO","localidad":"SAN MARTÍN","direccion":"46 LINCOLN 4198, SAN MARTIN, General San Martin, Provincia de Buenos Aires","entrecalle_1":"99 GRAL. ROCA (C)","entrecalle_2":"97 LINIERS (C)"},"geometry":{"type":"Point","coordinates":[-58.538412,-34.5822181]}},{"type":"Feature","properties":{"Nro. Reclamo":"2025-W -07899","SubMotivo":"DESTAPACION DE SUMIDERO","Localidad problema":"VILLA BONICH","Direccion":"112 CONESA 4998, VILLA BONICH, General San Martin, Provincia de Buenos Aires","Entrecalle 1":"115 MAESTRO DASSO (C)","Entrecalle 2":"101 DIAGONAL 101 BALBIN (D)","Latitude":-34.56598,"Longitude":-58.5708,"mes_relevamiento":"Diciembre","nro_reclamo":"2025-W -07899","submotivo":"DESTAPACION DE SUMIDERO","localidad":"VILLA BONICH","direccion":"112 CONESA 4998, VILLA BONICH, General San Martin, Provincia de Buenos Aires","entrecalle_1":"115 MAESTRO DASSO (C)","entrecalle_2":"101 DIAGONAL 101 BALBIN (D)"},"geometry":{"type":"Point","coordinates":[-58.5707979,-34.5659772]}},{"type":"Feature","properties":{"Nro. Reclamo":"2025-W -07926","SubMotivo":"DESTAPACION DE SUMIDERO","Localidad problema":"VILLA LYNCH","Direccion":"95 PADRE M. ASHKA 600, VILLA LYNCH, General San Martin, Provincia de Buenos Aires","Entrecalle 1":"14 ESPORA (C)","Entrecalle 2":"18 MURATURE (C)","Latitude":-34.61167,"Longitude":-58.51365,"mes_relevamiento":"Diciembre","nro_reclamo":"2025-W -07926","submotivo":"DESTAPACION DE SUMIDERO","localidad":"VILLA LYNCH","direccion":"95 PADRE M. ASHKA 600, VILLA LYNCH, General San Martin, Provincia de Buenos Aires","entrecalle_1":"14 ESPORA (C)","entrecalle_2":"18 MURATURE (C)"},"geometry":{"type":"Point","coordinates":[-58.513652,-34.6116705]}},{"type":"Feature","properties":{"Nro. Reclamo":"2025-W -07911","SubMotivo":"DESTAPACION DE SUMIDERO","Localidad problema":"VILLA JOSÉ LEÓN SUÁREZ","Direccion":"158 ALSINA 2494, VILLA JOSE LEON SUAREZ, General San Martin, Provincia de Buenos Aires","Entrecalle 1":"57 BOULEVARD BALLESTER (C)","Entrecalle 2":"57 BOULEVARD BALLESTER (C)","Latitude":-34.53561,"Longitude":-58.56757,"mes_relevamiento":"Diciembre","nro_reclamo":"2025-W -07911","submotivo":"DESTAPACION DE SUMIDERO","localidad":"VILLA JOSÉ LEÓN SUÁREZ","direccion":"158 ALSINA 2494, VILLA JOSE LEON SUAREZ, General San Martin, Provincia de Buenos Aires","entrecalle_1":"57 BOULEVARD BALLESTER (C)","entrecalle_2":"57 BOULEVARD BALLESTER (C)"},"geometry":{"type":"Point","coordinates":[-58.5675738,-34.5356124]}},{"type":"Feature","properties":{"Nro. Reclamo":"2025-W -07881","SubMotivo":"DESTAPACION DE SUMIDERO","Localidad problema":"BILLINGHURST","Direccion":"125 AV. EVA PERON 2885, BILLINGHURST, General San Martin, Provincia de Buenos Aires","Entrecalle 1":"72 LA CRUJIA (C)","Entrecalle 2":"72 LA CRUJIA (C)","Latitude":-34.58066,"Longitude":-58.55934,"mes_relevamiento":"Diciembre","nro_reclamo":"2025-W -07881","submotivo":"DESTAPACION DE SUMIDERO","localidad":"BILLINGHURST","direccion":"125 AV. EVA PERON 2885, BILLINGHURST, General San Martin, Provincia de Buenos Aires","entrecalle_1":"72 LA CRUJIA (C)","entrecalle_2":"72 LA CRUJIA (C)"},"geometry":{"type":"Point","coordinates":[-58.5593449,-34.5806579]}},{"type":"Feature","properties":{"Nro. Reclamo":"2025-W -07914","SubMotivo":"DESTAPACION DE SUMIDERO","Localidad problema":"GRAL. SAN MARTÍN","Direccion":"109 1 DE AGOSTO DE 1806 6228, GRAL. SAN MARTIN, General San Martin, Provincia de Buenos Aires","Entrecalle 1":"150 MONACO (C)","Entrecalle 2":"150 MONACO (C)","Latitude":-34.55205,"Longitude":-58.58297,"mes_relevamiento":"Diciembre","nro_reclamo":"2025-W -07914","submotivo":"DESTAPACION DE SUMIDERO","localidad":"GRAL. SAN MARTÍN","direccion":"109 1 DE AGOSTO DE 1806 6228, GRAL. SAN MARTIN, General San Martin, Provincia de Buenos Aires","entrecalle_1":"150 MONACO (C)","entrecalle_2":"150 MONACO (C)"},"geometry":{"type":"Point","coordinates":[-58.5829743,-34.5520513]}},{"type":"Feature","properties":{"Nro. Reclamo":"2026-R -00061","SubMotivo":"DESTAPACION DE SUMIDERO","Localidad problema":"SAN MARTIN","Direccion":"93 TUCUMAN 2700, SAN MARTIN, General San Martin, Provincia de Buenos Aires","Entrecalle 1":"64 AV. PTE. J. D. PERON (A)","Entrecalle 2":"66 J. C. PAZ (C)","Latitude":-34.57771,"Longitude":-58.53978,"mes_relevamiento":"Diciembre","nro_reclamo":"2026-R -00061","submotivo":"DESTAPACION DE SUMIDERO","localidad":"SAN MARTIN","direccion":"93 TUCUMAN 2700, SAN MARTIN, General San Martin, Provincia de Buenos Aires","entrecalle_1":"64 AV. PTE. J. D. PERON (A)","entrecalle_2":"66 J. C. PAZ (C)"},"geometry":{"type":"Point","coordinates":[-58.5397777,-34.5777132]}},{"type":"Feature","properties":{"Nro. Reclamo":"2026-R -00568","SubMotivo":"DESTAPACION DE SUMIDERO","Localidad problema":"VILLA BALLESTER","Direccion":"81 BOLIVAR 5711, VILLA BALLESTER, General San Martin, Provincia de Buenos Aires","Entrecalle 1":"136 JUNIN (C)","Entrecalle 2":"138 MAIPU (C)","Latitude":-34.5486,"Longitude":-58.56867,"mes_relevamiento":"Diciembre","nro_reclamo":"2026-R -00568","submotivo":"DESTAPACION DE SUMIDERO","localidad":"VILLA BALLESTER","direccion":"81 BOLIVAR 5711, VILLA BALLESTER, General San Martin, Provincia de Buenos Aires","entrecalle_1":"136 JUNIN (C)","entrecalle_2":"138 MAIPU (C)"},"geometry":{"type":"Point","coordinates":[-58.5686659,-34.5485994]}},{"type":"Feature","properties":{"Nro. Reclamo":"2026-W -00155","SubMotivo":"DESTAPACION DE SUMIDERO","Localidad problema":"VILLA SAN ANDRÉS","Direccion":"73 ISLAS MALVINAS 3162, VILLA SAN ANDRES, General San Martin, Provincia de Buenos Aires","Entrecalle 1":"69 BOLIVIA (C)","Entrecalle 2":"71 AMERICA (C)","Latitude":-34.56315,"Longitude":-58.54173,"mes_relevamiento":"Diciembre","nro_reclamo":"2026-W -00155","submotivo":"DESTAPACION DE SUMIDERO","localidad":"VILLA SAN ANDRÉS","direccion":"73 ISLAS MALVINAS 3162, VILLA SAN ANDRES, General San Martin, Provincia de Buenos Aires","entrecalle_1":"69 BOLIVIA (C)","entrecalle_2":"71 AMERICA (C)"},"geometry":{"type":"Point","coordinates":[-58.5417257,-34.5631475]}},{"type":"Feature","properties":{"Nro. Reclamo":"2026-W -00179","SubMotivo":"DESTAPACION DE SUMIDERO","Localidad problema":"SAN MARTIN","Direccion":"117 SUIPACHA 2233, SAN MARTIN, General San Martin, Provincia de Buenos Aires","Entrecalle 1":"58 PUEYRREDON (C)","Entrecalle 2":"56 MATHEU (C)","Latitude":-34.58365,"Longitude":-58.54933,"mes_relevamiento":"Diciembre","nro_reclamo":"2026-W -00179","submotivo":"DESTAPACION DE SUMIDERO","localidad":"SAN MARTIN","direccion":"117 SUIPACHA 2233, SAN MARTIN, General San Martin, Provincia de Buenos Aires","entrecalle_1":"58 PUEYRREDON (C)","entrecalle_2":"56 MATHEU (C)"},"geometry":{"type":"Point","coordinates":[-58.5493313,-34.583647]}},{"type":"Feature","properties":{"Nro. Reclamo":"2026-W -00182","SubMotivo":"DESTAPACION DE SUMIDERO","Localidad problema":"VILLA LYNCH","Direccion":"117 SUIPACHA 3581, VILLA LYNCH, General San Martin, Provincia de Buenos Aires","Entrecalle 1":"58 PUEYRREDON (C)","Entrecalle 2":"56 MATHEU (C)","Latitude":-34.58067,"Longitude":-58.55321,"mes_relevamiento":"Diciembre","nro_reclamo":"2026-W -00182","submotivo":"DESTAPACION DE SUMIDERO","localidad":"VILLA LYNCH","direccion":"117 SUIPACHA 3581, VILLA LYNCH, General San Martin, Provincia de Buenos Aires","entrecalle_1":"58 PUEYRREDON (C)","entrecalle_2":"56 MATHEU (C)"},"geometry":{"type":"Point","coordinates":[-58.5532146,-34.580672]}},{"type":"Feature","properties":{"Nro. Reclamo":"2026-W -00192","SubMotivo":"DESTAPACION DE SUMIDERO","Localidad problema":"SAN MARTIN","Direccion":"56 MATHEU 5014, SAN MARTIN, General San Martin, Provincia de Buenos Aires","Entrecalle 1":"117 SUIPACHA (C)","Entrecalle 2":"117 SUIPACHA (C)","Latitude":-34.58427,"Longitude":-58.54912,"mes_relevamiento":"Diciembre","nro_reclamo":"2026-W -00192","submotivo":"DESTAPACION DE SUMIDERO","localidad":"SAN MARTIN","direccion":"56 MATHEU 5014, SAN MARTIN, General San Martin, Provincia de Buenos Aires","entrecalle_1":"117 SUIPACHA (C)","entrecalle_2":"117 SUIPACHA (C)"},"geometry":{"type":"Point","coordinates":[-58.5491234,-34.5842691]}},{"type":"Feature","properties":{"Nro. Reclamo":"2026-W -00189","SubMotivo":"DESTAPACION DE SUMIDERO","Localidad problema":"Villa José León Suárez","Direccion":"Darragueira 1814, Villa Jose Leon Suarez, General San Martin, Provincia de Buenos Aires","Entrecalle 1":"madero","Entrecalle 2":"charlone","Latitude":-34.51419,"Longitude":-58.58222,"mes_relevamiento":"Diciembre","nro_reclamo":"2026-W -00189","submotivo":"DESTAPACION DE SUMIDERO","localidad":"Villa José León Suárez","direccion":"Darragueira 1814, Villa Jose Leon Suarez, General San Martin, Provincia de Buenos Aires","entrecalle_1":"madero","entrecalle_2":"charlone"},"geometry":{"type":"Point","coordinates":[-58.5822211,-34.5141939]}},{"type":"Feature","properties":{"Nro. Reclamo":"2026-R -01305","SubMotivo":"DESTAPACION DE SUMIDERO","Localidad problema":"JOSE LEON SUAREZ","Direccion":"202 CALLE 7 4008, JOSE LEON SUAREZ, General San Martin, Provincia de Buenos Aires","Entrecalle 1":"91 CALLE B (C)","Entrecalle 2":"93 DEBENEDETTI (C)","Latitude":-34.53343,"Longitude":-58.59385,"mes_relevamiento":"Diciembre","nro_reclamo":"2026-R -01305","submotivo":"DESTAPACION DE SUMIDERO","localidad":"JOSE LEON SUAREZ","direccion":"202 CALLE 7 4008, JOSE LEON SUAREZ, General San Martin, Provincia de Buenos Aires","entrecalle_1":"91 CALLE B (C)","entrecalle_2":"93 DEBENEDETTI (C)"},"geometry":{"type":"Point","coordinates":[-58.5938496,-34.5334321]}},{"type":"Feature","properties":{"Nro. Reclamo":"2026-R -01368","SubMotivo":"DESTAPACION DE SUMIDERO","Localidad problema":"SAN MARTIN","Direccion":"58 PUEYRREDON 4997, SAN MARTIN, General San Martin, Provincia de Buenos Aires","Entrecalle 1":"117 SUIPACHA (C)","Entrecalle 2":"117 SUIPACHA (C)","Latitude":-34.5831,"Longitude":-58.5501,"mes_relevamiento":"Diciembre","nro_reclamo":"2026-R -01368","submotivo":"DESTAPACION DE SUMIDERO","localidad":"SAN MARTIN","direccion":"58 PUEYRREDON 4997, SAN MARTIN, General San Martin, Provincia de Buenos Aires","entrecalle_1":"117 SUIPACHA (C)","entrecalle_2":"117 SUIPACHA (C)"},"geometry":{"type":"Point","coordinates":[-58.5500966,-34.5831021]}},{"type":"Feature","properties":{"Nro. Reclamo":"2026-R -01662","SubMotivo":"DESTAPACION DE SUMIDERO","Localidad problema":"JOSE LEON SUAREZ","Direccion":"166 BUENOS AIRES 6400, JOSE LEON SUAREZ, General San Martin, Provincia de Buenos Aires","Entrecalle 1":"190 BRIG. GRAL. J. M. DE ROSAS (D)","Entrecalle 2":"190 BRIG. GRAL. J. M. DE ROSAS (D)","Latitude":-34.53553,"Longitude":-58.56629,"mes_relevamiento":"Diciembre","nro_reclamo":"2026-R -01662","submotivo":"DESTAPACION DE SUMIDERO","localidad":"JOSE LEON SUAREZ","direccion":"166 BUENOS AIRES 6400, JOSE LEON SUAREZ, General San Martin, Provincia de Buenos Aires","entrecalle_1":"190 BRIG. GRAL. J. M. DE ROSAS (D)","entrecalle_2":"190 BRIG. GRAL. J. M. DE ROSAS (D)"},"geometry":{"type":"Point","coordinates":[-58.5662863,-34.5355304]}},{"type":"Feature","properties":{"Nro. Reclamo":"2026-R -01664","SubMotivo":"DESTAPACION DE SUMIDERO","Localidad problema":"JOSÉ LEÓN SUÁREZ","Direccion":"174 CHASCOMUS 4697, JOSE LEON SUAREZ, General San Martin, Provincia de Buenos Aires","Entrecalle 1":"105 PATAGONIA (C)","Entrecalle 2":"105 PATAGONIA (C)","Latitude":-34.54589,"Longitude":-58.58924,"mes_relevamiento":"Diciembre","nro_reclamo":"2026-R -01664","submotivo":"DESTAPACION DE SUMIDERO","localidad":"JOSÉ LEÓN SUÁREZ","direccion":"174 CHASCOMUS 4697, JOSE LEON SUAREZ, General San Martin, Provincia de Buenos Aires","entrecalle_1":"105 PATAGONIA (C)","entrecalle_2":"105 PATAGONIA (C)"},"geometry":{"type":"Point","coordinates":[-58.589239,-34.5458864]}},{"type":"Feature","properties":{"Nro. Reclamo":"2026-R -01669","SubMotivo":"REPARACION DE SUMIDERO","Localidad problema":"JOSE LEON SUAREZ","Direccion":"109 1 DE AGOSTO DE 1806 7300, JOSE LEON SUAREZ, General San Martin, Provincia de Buenos Aires","Entrecalle 1":"174 CHASCOMUS (C)","Entrecalle 2":"174 CHASCOMUS (C)","Latitude":-34.52939,"Longitude":-58.5734,"mes_relevamiento":"Diciembre","nro_reclamo":"2026-R -01669","submotivo":"REPARACION DE SUMIDERO","localidad":"JOSE LEON SUAREZ","direccion":"109 1 DE AGOSTO DE 1806 7300, JOSE LEON SUAREZ, General San Martin, Provincia de Buenos Aires","entrecalle_1":"174 CHASCOMUS (C)","entrecalle_2":"174 CHASCOMUS (C)"},"geometry":{"type":"Point","coordinates":[-58.5734048,-34.529389]}},{"type":"Feature","properties":{"Nro. Reclamo":"2026-R -02342","SubMotivo":"DESTAPACION DE SUMIDERO","Localidad problema":"VILLA HIDALGO","Direccion":"220 O. ANDRADE 1700, VILLA HIDALGO, General San Martin, Provincia de Buenos Aires","Entrecalle 1":"35 INGENIERO LUIS A. HUERGO (C)","Entrecalle 2":"35 INGENIERO LUIS A. HUERGO (C)","Latitude":-34.5125,"Longitude":-58.58257,"mes_relevamiento":"Diciembre","nro_reclamo":"2026-R -02342","submotivo":"DESTAPACION DE SUMIDERO","localidad":"VILLA HIDALGO","direccion":"220 O. ANDRADE 1700, VILLA HIDALGO, General San Martin, Provincia de Buenos Aires","entrecalle_1":"35 INGENIERO LUIS A. HUERGO (C)","entrecalle_2":"35 INGENIERO LUIS A. HUERGO (C)"},"geometry":{"type":"Point","coordinates":[-58.5825745,-34.5124954]}},{"type":"Feature","properties":{"Nro. Reclamo":"2026-R -03257","SubMotivo":"DESTAPACION DE SUMIDERO","Localidad problema":"VILLA LYNCH","Direccion":"113 ALVEAR 2101, VILLA LYNCH, General San Martin, Provincia de Buenos Aires","Entrecalle 1":"54 MITRE (C)","Entrecalle 2":"113 ALVEAR (C)","Latitude":-34.58361,"Longitude":-58.5465,"mes_relevamiento":"Diciembre","nro_reclamo":"2026-R -03257","submotivo":"DESTAPACION DE SUMIDERO","localidad":"VILLA LYNCH","direccion":"113 ALVEAR 2101, VILLA LYNCH, General San Martin, Provincia de Buenos Aires","entrecalle_1":"54 MITRE (C)","entrecalle_2":"113 ALVEAR (C)"},"geometry":{"type":"Point","coordinates":[-58.5465023,-34.5836103]}},{"type":"Feature","properties":{"Nro. Reclamo":"2026-R -03287","SubMotivo":"DESTAPACION DE SUMIDERO","Localidad problema":"SAN MARTIN","Direccion":"56 MATHEU 4800, SAN MARTIN, General San Martin, Provincia de Buenos Aires","Entrecalle 1":"113 ALVEAR (C)","Entrecalle 2":"113 ALVEAR (C)","Latitude":-34.58278,"Longitude":-58.5475,"mes_relevamiento":"Diciembre","nro_reclamo":"2026-R -03287","submotivo":"DESTAPACION DE SUMIDERO","localidad":"SAN MARTIN","direccion":"56 MATHEU 4800, SAN MARTIN, General San Martin, Provincia de Buenos Aires","entrecalle_1":"113 ALVEAR (C)","entrecalle_2":"113 ALVEAR (C)"},"geometry":{"type":"Point","coordinates":[-58.5474982,-34.5827773]}},{"type":"Feature","properties":{"Nro. Reclamo":"2026-R -03321","SubMotivo":"DESTAPACION DE SUMIDERO","Localidad problema":"VILLA BALLESTER","Direccion":"93 SAN JOSE DE FLORES 5800, VILLA BALLESTER, General San Martin, Provincia de Buenos Aires","Entrecalle 1":"138 MAIPU (C)","Entrecalle 2":"138 MAIPU (C)","Latitude":-34.55102,"Longitude":-58.57291,"mes_relevamiento":"Diciembre","nro_reclamo":"2026-R -03321","submotivo":"DESTAPACION DE SUMIDERO","localidad":"VILLA BALLESTER","direccion":"93 SAN JOSE DE FLORES 5800, VILLA BALLESTER, General San Martin, Provincia de Buenos Aires","entrecalle_1":"138 MAIPU (C)","entrecalle_2":"138 MAIPU (C)"},"geometry":{"type":"Point","coordinates":[-58.5729087,-34.5510173]}},{"type":"Feature","properties":{"Nro. Reclamo":"2026-R -03338","SubMotivo":"DESTAPACION DE SUMIDERO","Localidad problema":"VILLA BALLESTER","Direccion":"93 SAN JOSE DE FLORES 5800, VILLA BALLESTER, General San Martin, Provincia de Buenos Aires","Entrecalle 1":"138 MAIPU (C)","Entrecalle 2":"138 MAIPU (C)","Latitude":-34.55102,"Longitude":-58.57291,"mes_relevamiento":"Diciembre","nro_reclamo":"2026-R -03338","submotivo":"DESTAPACION DE SUMIDERO","localidad":"VILLA BALLESTER","direccion":"93 SAN JOSE DE FLORES 5800, VILLA BALLESTER, General San Martin, Provincia de Buenos Aires","entrecalle_1":"138 MAIPU (C)","entrecalle_2":"138 MAIPU (C)"},"geometry":{"type":"Point","coordinates":[-58.5729087,-34.5510173]}},{"type":"Feature","properties":{"Nro. Reclamo":"2026-W -00383","SubMotivo":"DESTAPACION DE SUMIDERO","Localidad problema":"VILLA LYNCH","Direccion":"125 CASTRO 1716, VILLA LYNCH, General San Martin, Provincia de Buenos Aires","Entrecalle 1":"46 BOULOGNE SUR MER (C)","Entrecalle 2":"46 BOULOGNE SUR MER (C)","Latitude":-34.59032,"Longitude":-58.54885,"mes_relevamiento":"Diciembre","nro_reclamo":"2026-W -00383","submotivo":"DESTAPACION DE SUMIDERO","localidad":"VILLA LYNCH","direccion":"125 CASTRO 1716, VILLA LYNCH, General San Martin, Provincia de Buenos Aires","entrecalle_1":"46 BOULOGNE SUR MER (C)","entrecalle_2":"46 BOULOGNE SUR MER (C)"},"geometry":{"type":"Point","coordinates":[-58.5488452,-34.5903197]}},{"type":"Feature","properties":{"Nro. Reclamo":"2026-R -03708","SubMotivo":"DESTAPACION DE SUMIDERO","Localidad problema":"VILLA LIBERTAD","Direccion":"125 AV. EVA PERON 2502, VILLA LIBERTAD, General San Martin, Provincia de Buenos Aires","Entrecalle 1":"62 PROFESOR ROGELIO VIDAL (C)","Entrecalle 2":"62 PROFESOR ROGELIO VIDAL (C)","Latitude":-34.58414,"Longitude":-58.55534,"mes_relevamiento":"Diciembre","nro_reclamo":"2026-R -03708","submotivo":"DESTAPACION DE SUMIDERO","localidad":"VILLA LIBERTAD","direccion":"125 AV. EVA PERON 2502, VILLA LIBERTAD, General San Martin, Provincia de Buenos Aires","entrecalle_1":"62 PROFESOR ROGELIO VIDAL (C)","entrecalle_2":"62 PROFESOR ROGELIO VIDAL (C)"},"geometry":{"type":"Point","coordinates":[-58.5553416,-34.5841355]}},{"type":"Feature","properties":{"Nro. Reclamo":"2026-W -00512","SubMotivo":"DESTAPACION DE SUMIDERO","Localidad problema":"VILLA LYNCH","Direccion":"103 HEREDIA 1487, VILLA LYNCH, General San Martin, Provincia de Buenos Aires","Entrecalle 1":"38 H. YRIGOYEN (0038C2)","Entrecalle 2":"36 ZOILO CANTON (C)","Latitude":-34.58981,"Longitude":-58.53326,"mes_relevamiento":"Diciembre","nro_reclamo":"2026-W -00512","submotivo":"DESTAPACION DE SUMIDERO","localidad":"VILLA LYNCH","direccion":"103 HEREDIA 1487, VILLA LYNCH, General San Martin, Provincia de Buenos Aires","entrecalle_1":"38 H. YRIGOYEN (0038C2)","entrecalle_2":"36 ZOILO CANTON (C)"},"geometry":{"type":"Point","coordinates":[-58.5332611,-34.5898142]}},{"type":"Feature","properties":{"Nro. Reclamo":"2026-W -00485","SubMotivo":"REPARACION DE SUMIDERO","Localidad problema":"VILLA CORONEL JOSÉ MARÍA ZAPIOLA","Direccion":"112 CONESA 5009, VILLA CORONEL JOSE MARIA ZAPIOLA, General San Martin, Provincia de Buenos Aires","Entrecalle 1":"115 MAESTRO DASSO (C)","Entrecalle 2":"115 MTRO. DASSO (C)","Latitude":-34.56602,"Longitude":-58.57096,"mes_relevamiento":"Diciembre","nro_reclamo":"2026-W -00485","submotivo":"REPARACION DE SUMIDERO","localidad":"VILLA CORONEL JOSÉ MARÍA ZAPIOLA","direccion":"112 CONESA 5009, VILLA CORONEL JOSE MARIA ZAPIOLA, General San Martin, Provincia de Buenos Aires","entrecalle_1":"115 MAESTRO DASSO (C)","entrecalle_2":"115 MTRO. DASSO (C)"},"geometry":{"type":"Point","coordinates":[-58.5709644,-34.5660154]}},{"type":"Feature","properties":{"Nro. Reclamo":"2026-R -03877","SubMotivo":"DESTAPACION DE SUMIDERO","Localidad problema":"JOSE LEON SUAREZ","Direccion":"172 ROLDAN 1694, JOSE LEON SUAREZ, General San Martin, Provincia de Buenos Aires","Entrecalle 1":"35 CHIVILCOY (C)","Entrecalle 2":"35 CHIVILCOY (C)","Latitude":-34.52668,"Longitude":-58.56551,"mes_relevamiento":"Diciembre","nro_reclamo":"2026-R -03877","submotivo":"DESTAPACION DE SUMIDERO","localidad":"JOSE LEON SUAREZ","direccion":"172 ROLDAN 1694, JOSE LEON SUAREZ, General San Martin, Provincia de Buenos Aires","entrecalle_1":"35 CHIVILCOY (C)","entrecalle_2":"35 CHIVILCOY (C)"},"geometry":{"type":"Point","coordinates":[-58.5655146,-34.5266819]}},{"type":"Feature","properties":{"Nro. Reclamo":"2026-R -04356","SubMotivo":"DESTAPACION DE SUMIDERO","Localidad problema":"VILLA BONICH","Direccion":"110 JOSE HERNANDEZ 4900, VILLA BONICH, General San Martin, Provincia de Buenos Aires","Entrecalle 1":"115 MTRO. DASSO (C)","Entrecalle 2":"113 ALVEAR (C)","Latitude":-34.56573,"Longitude":-58.56931,"mes_relevamiento":"Diciembre","nro_reclamo":"2026-R -04356","submotivo":"DESTAPACION DE SUMIDERO","localidad":"VILLA BONICH","direccion":"110 JOSE HERNANDEZ 4900, VILLA BONICH, General San Martin, Provincia de Buenos Aires","entrecalle_1":"115 MTRO. DASSO (C)","entrecalle_2":"113 ALVEAR (C)"},"geometry":{"type":"Point","coordinates":[-58.5693133,-34.5657318]}},{"type":"Feature","properties":{"Nro. Reclamo":"2026-R -04444","SubMotivo":"DESTAPACION DE SUMIDERO","Localidad problema":"VILLA BALLESTER","Direccion":"93 SAN JOSE DE FLORES 5800, VILLA BALLESTER, General San Martin, Provincia de Buenos Aires","Entrecalle 1":"138 MAIPU (C)","Entrecalle 2":"138 MAIPU (C)","Latitude":-34.55102,"Longitude":-58.57291,"mes_relevamiento":"Diciembre","nro_reclamo":"2026-R -04444","submotivo":"DESTAPACION DE SUMIDERO","localidad":"VILLA BALLESTER","direccion":"93 SAN JOSE DE FLORES 5800, VILLA BALLESTER, General San Martin, Provincia de Buenos Aires","entrecalle_1":"138 MAIPU (C)","entrecalle_2":"138 MAIPU (C)"},"geometry":{"type":"Point","coordinates":[-58.5729087,-34.5510173]}},{"type":"Feature","properties":{"Nro. Reclamo":"2026-R -04577","SubMotivo":"DESTAPACION DE SUMIDERO","Localidad problema":"JOSE LEON SUAREZ","Direccion":"202 CALLE 7 4008, JOSE LEON SUAREZ, General San Martin, Provincia de Buenos Aires","Entrecalle 1":"91 CALLE B (C)","Entrecalle 2":"93 DEBENEDETTI (C)","Latitude":-34.53343,"Longitude":-58.59385,"mes_relevamiento":"Diciembre","nro_reclamo":"2026-R -04577","submotivo":"DESTAPACION DE SUMIDERO","localidad":"JOSE LEON SUAREZ","direccion":"202 CALLE 7 4008, JOSE LEON SUAREZ, General San Martin, Provincia de Buenos Aires","entrecalle_1":"91 CALLE B (C)","entrecalle_2":"93 DEBENEDETTI (C)"},"geometry":{"type":"Point","coordinates":[-58.5938496,-34.5334321]}},{"type":"Feature","properties":{"Nro. Reclamo":"2026-R -04656","SubMotivo":"DESTAPACION DE SUMIDERO","Localidad problema":"VILLA BALLESTER","Direccion":"138 MAIPU 3890, VILLA BALLESTER, General San Martin, Provincia de Buenos Aires","Entrecalle 1":"93 SAN JOSE DE FLORES (C)","Entrecalle 2":"93 SAN JOSE DE FLORES (C)","Latitude":-34.55145,"Longitude":-58.57326,"mes_relevamiento":"Diciembre","nro_reclamo":"2026-R -04656","submotivo":"DESTAPACION DE SUMIDERO","localidad":"VILLA BALLESTER","direccion":"138 MAIPU 3890, VILLA BALLESTER, General San Martin, Provincia de Buenos Aires","entrecalle_1":"93 SAN JOSE DE FLORES (C)","entrecalle_2":"93 SAN JOSE DE FLORES (C)"},"geometry":{"type":"Point","coordinates":[-58.573258,-34.5514532]}},{"type":"Feature","properties":{"Nro. Reclamo":"2026-R -04849","SubMotivo":"DESTAPACION DE SUMIDERO","Localidad problema":"VILLA BONICH","Direccion":"113 ALVEAR 4039, VILLA BONICH, General San Martin, Provincia de Buenos Aires","Entrecalle 1":"96 ALSINA (D)","Entrecalle 2":"96 ALSINA (D)","Latitude":-34.56926,"Longitude":-58.56475,"mes_relevamiento":"Diciembre","nro_reclamo":"2026-R -04849","submotivo":"DESTAPACION DE SUMIDERO","localidad":"VILLA BONICH","direccion":"113 ALVEAR 4039, VILLA BONICH, General San Martin, Provincia de Buenos Aires","entrecalle_1":"96 ALSINA (D)","entrecalle_2":"96 ALSINA (D)"},"geometry":{"type":"Point","coordinates":[-58.5647518,-34.5692649]}},{"type":"Feature","properties":{"Nro. Reclamo":"2026-W -00642","SubMotivo":"DESTAPACION DE SUMIDERO","Localidad problema":"Villa Coronel José María Zapiola","Direccion":"Maipu 5055, Villa Coronel Jose Maria Zapiola, General San Martin, Provincia de Buenos Aires","Entrecalle 1":"Av Colon","Entrecalle 2":"Libertador Gral San Martin","Latitude":-34.55855,"Longitude":-58.58135,"mes_relevamiento":"Diciembre","nro_reclamo":"2026-W -00642","submotivo":"DESTAPACION DE SUMIDERO","localidad":"Villa Coronel José María Zapiola","direccion":"Maipu 5055, Villa Coronel Jose Maria Zapiola, General San Martin, Provincia de Buenos Aires","entrecalle_1":"Av Colon","entrecalle_2":"Libertador Gral San Martin"},"geometry":{"type":"Point","coordinates":[-58.5813536,-34.5585472]}},{"type":"Feature","properties":{"Nro. Reclamo":"2026-R -05278","SubMotivo":"DESTAPACION DE SUMIDERO","Localidad problema":"JOSE LEON SUAREZ","Direccion":"41 ITALIA 8165, JOSE LEON SUAREZ, General San Martin, Provincia de Buenos Aires","Entrecalle 1":"196 E. DE LA CARCOVA (C)","Entrecalle 2":"196 E. DE LA CARCOVA (C)","Latitude":-34.51999,"Longitude":-58.57791,"mes_relevamiento":"Diciembre","nro_reclamo":"2026-R -05278","submotivo":"DESTAPACION DE SUMIDERO","localidad":"JOSE LEON SUAREZ","direccion":"41 ITALIA 8165, JOSE LEON SUAREZ, General San Martin, Provincia de Buenos Aires","entrecalle_1":"196 E. DE LA CARCOVA (C)","entrecalle_2":"196 E. DE LA CARCOVA (C)"},"geometry":{"type":"Point","coordinates":[-58.5779064,-34.5199938]}},{"type":"Feature","properties":{"Nro. Reclamo":"2026-W -06368","SubMotivo":"DESTAPACION DE SUMIDERO","Localidad problema":"VILLA LYNCH","Direccion":"125 CASTRO 1716, VILLA LYNCH, General San Martin, Provincia de Buenos Aires","Entrecalle 1":"46 BOULOGNE SUR MER (C)","Entrecalle 2":"46 BOULOGNE SUR MER (C)","Latitude":-34.59032,"Longitude":-58.54885,"mes_relevamiento":"Diciembre","nro_reclamo":"2026-W -06368","submotivo":"DESTAPACION DE SUMIDERO","localidad":"VILLA LYNCH","direccion":"125 CASTRO 1716, VILLA LYNCH, General San Martin, Provincia de Buenos Aires","entrecalle_1":"46 BOULOGNE SUR MER (C)","entrecalle_2":"46 BOULOGNE SUR MER (C)"},"geometry":{"type":"Point","coordinates":[-58.5488452,-34.5903197]}},{"type":"Feature","properties":{"Nro. Reclamo":"2025-R -67476","SubMotivo":"QUEJAS","Localidad problema":"VILLA BALLESTER","Direccion":"103 26 DE JULIO DE 1890 4862, VILLA BALLESTER, General San Martin, Provincia de Buenos Aires","Entrecalle 1":"112 VICENTE LOPEZ (C)","Entrecalle 2":"116 ALTE. BROWN (C)","Latitude":-34.56134,"Longitude":-58.56764,"mes_relevamiento":"Diciembre","nro_reclamo":"2025-R -67476","submotivo":"QUEJAS","localidad":"VILLA BALLESTER","direccion":"103 26 DE JULIO DE 1890 4862, VILLA BALLESTER, General San Martin, Provincia de Buenos Aires","entrecalle_1":"112 VICENTE LOPEZ (C)","entrecalle_2":"116 ALTE. BROWN (C)"},"geometry":{"type":"Point","coordinates":[-58.5676368,-34.561337]}},{"type":"Feature","properties":{"Nro. Reclamo":"2025-R -67465","SubMotivo":"QUEJAS","Localidad problema":"VILLA BALLESTER","Direccion":"116 ALTE. BROWN 4300, VILLA BALLESTER, General San Martin, Provincia de Buenos Aires","Entrecalle 1":"103 26 DE JULIO DE 1890 (C)","Entrecalle 2":"103 26 DE JULIO DE 1890 (C)","Latitude":-34.56101,"Longitude":-58.56798,"mes_relevamiento":"Diciembre","nro_reclamo":"2025-R -67465","submotivo":"QUEJAS","localidad":"VILLA BALLESTER","direccion":"116 ALTE. BROWN 4300, VILLA BALLESTER, General San Martin, Provincia de Buenos Aires","entrecalle_1":"103 26 DE JULIO DE 1890 (C)","entrecalle_2":"103 26 DE JULIO DE 1890 (C)"},"geometry":{"type":"Point","coordinates":[-58.5679754,-34.5610075]}},{"type":"Feature","properties":{"Nro. Reclamo":"2025-R -67538","SubMotivo":"QUEJAS","Localidad problema":"VILLA BALLESTER","Direccion":"148 BETINOTTI 4800, VILLA BALLESTER, General San Martin, Provincia de Buenos Aires","Entrecalle 1":"111 URQUIZA (C)","Entrecalle 2":"113 25 DE MAYO (C)","Latitude":-34.55383,"Longitude":-58.5831,"mes_relevamiento":"Diciembre","nro_reclamo":"2025-R -67538","submotivo":"QUEJAS","localidad":"VILLA BALLESTER","direccion":"148 BETINOTTI 4800, VILLA BALLESTER, General San Martin, Provincia de Buenos Aires","entrecalle_1":"111 URQUIZA (C)","entrecalle_2":"113 25 DE MAYO (C)"},"geometry":{"type":"Point","coordinates":[-58.583099,-34.5538273]}},{"type":"Feature","properties":{"Nro. Reclamo":"2025-R -67499","SubMotivo":"QUEJAS","Localidad problema":"JOSE LEON SUAREZ","Direccion":"218 SERRANO 1700, JOSE LEON SUAREZ, General San Martin, Provincia de Buenos Aires","Entrecalle 1":"35 INGENIERO LUIS A. HUERGO (C)","Entrecalle 2":"33 E. MITRE (C)","Latitude":-34.51299,"Longitude":-58.58195,"mes_relevamiento":"Diciembre","nro_reclamo":"2025-R -67499","submotivo":"QUEJAS","localidad":"JOSE LEON SUAREZ","direccion":"218 SERRANO 1700, JOSE LEON SUAREZ, General San Martin, Provincia de Buenos Aires","entrecalle_1":"35 INGENIERO LUIS A. HUERGO (C)","entrecalle_2":"33 E. MITRE (C)"},"geometry":{"type":"Point","coordinates":[-58.5819467,-34.5129935]}},{"type":"Feature","properties":{"Nro. Reclamo":"2025-R -67600","SubMotivo":"QUEJAS","Localidad problema":"VILLA BALLESTER","Direccion":"111 URQUIZA 6000, VILLA BALLESTER, General San Martin, Provincia de Buenos Aires","Entrecalle 1":"146 CAMPICHUELO (C)","Entrecalle 2":"148 MAR DEL PLATA (C)","Latitude":-34.5547,"Longitude":-58.58183,"mes_relevamiento":"Diciembre","nro_reclamo":"2025-R -67600","submotivo":"QUEJAS","localidad":"VILLA BALLESTER","direccion":"111 URQUIZA 6000, VILLA BALLESTER, General San Martin, Provincia de Buenos Aires","entrecalle_1":"146 CAMPICHUELO (C)","entrecalle_2":"148 MAR DEL PLATA (C)"},"geometry":{"type":"Point","coordinates":[-58.5818295,-34.5546981]}},{"type":"Feature","properties":{"Nro. Reclamo":"2025-R -67825","SubMotivo":"QUEJAS","Localidad problema":"VILLA LYNCH","Direccion":"95 DRA. ALICIA MOREAU DE JUSTO 883, VILLA LYNCH, General San Martin, Provincia de Buenos Aires","Entrecalle 1":"24 REPUBLICA DE ISRAEL (C)","Entrecalle 2":"22 RODRIGUEZ PEÑA (C)","Latitude":-34.5879,"Longitude":-58.52827,"mes_relevamiento":"Diciembre","nro_reclamo":"2025-R -67825","submotivo":"QUEJAS","localidad":"VILLA LYNCH","direccion":"95 DRA. ALICIA MOREAU DE JUSTO 883, VILLA LYNCH, General San Martin, Provincia de Buenos Aires","entrecalle_1":"24 REPUBLICA DE ISRAEL (C)","entrecalle_2":"22 RODRIGUEZ PEÑA (C)"},"geometry":{"type":"Point","coordinates":[-58.5282719,-34.5879]}},{"type":"Feature","properties":{"Nro. Reclamo":"2025-R -67993","SubMotivo":"QUEJAS","Localidad problema":"VILLA BALLESTER","Direccion":"148 BETINOTTI 4864, VILLA BALLESTER, General San Martin, Provincia de Buenos Aires","Entrecalle 1":"111 URQUIZA (C)","Entrecalle 2":"113 25 DE MAYO (C)","Latitude":-34.55412,"Longitude":-58.58356,"mes_relevamiento":"Diciembre","nro_reclamo":"2025-R -67993","submotivo":"QUEJAS","localidad":"VILLA BALLESTER","direccion":"148 BETINOTTI 4864, VILLA BALLESTER, General San Martin, Provincia de Buenos Aires","entrecalle_1":"111 URQUIZA (C)","entrecalle_2":"113 25 DE MAYO (C)"},"geometry":{"type":"Point","coordinates":[-58.5835567,-34.5541179]}},{"type":"Feature","properties":{"Nro. Reclamo":"2025-R -67859","SubMotivo":"QUEJAS","Localidad problema":"VILLA LYNCH","Direccion":"24 REPUBLICA DE ISRAEL 3990, VILLA LYNCH, General San Martin, Provincia de Buenos Aires","Entrecalle 1":"95 DRA. ALICIA MOREAU DE JUSTO (C)","Entrecalle 2":"95 DRA. ALICIA MOREAU DE JUSTO (C)","Latitude":-34.58775,"Longitude":-58.5284,"mes_relevamiento":"Diciembre","nro_reclamo":"2025-R -67859","submotivo":"QUEJAS","localidad":"VILLA LYNCH","direccion":"24 REPUBLICA DE ISRAEL 3990, VILLA LYNCH, General San Martin, Provincia de Buenos Aires","entrecalle_1":"95 DRA. ALICIA MOREAU DE JUSTO (C)","entrecalle_2":"95 DRA. ALICIA MOREAU DE JUSTO (C)"},"geometry":{"type":"Point","coordinates":[-58.5284046,-34.5877475]}},{"type":"Feature","properties":{"Nro. Reclamo":"2025-R -67960","SubMotivo":"QUEJAS","Localidad problema":"SAN MARTIN","Direccion":"52 BELGRANO 4793, SAN MARTIN, General San Martin, Provincia de Buenos Aires","Entrecalle 1":"113 MARIANO ACOSTA (C)","Entrecalle 2":"111 CASTELLI (C)","Latitude":-34.58426,"Longitude":-58.54548,"mes_relevamiento":"Diciembre","nro_reclamo":"2025-R -67960","submotivo":"QUEJAS","localidad":"SAN MARTIN","direccion":"52 BELGRANO 4793, SAN MARTIN, General San Martin, Provincia de Buenos Aires","entrecalle_1":"113 MARIANO ACOSTA (C)","entrecalle_2":"111 CASTELLI (C)"},"geometry":{"type":"Point","coordinates":[-58.5454763,-34.5842581]}},{"type":"Feature","properties":{"Nro. Reclamo":"2025-R -68017","SubMotivo":"QUEJAS","Localidad problema":"VILLA BALLESTER","Direccion":"117 AV. COLON 5300, VILLA BALLESTER, General San Martin, Provincia de Buenos Aires","Entrecalle 1":"124 COLON (C)","Entrecalle 2":"124 COLON (C)","Latitude":-34.56168,"Longitude":-58.57779,"mes_relevamiento":"Diciembre","nro_reclamo":"2025-R -68017","submotivo":"QUEJAS","localidad":"VILLA BALLESTER","direccion":"117 AV. COLON 5300, VILLA BALLESTER, General San Martin, Provincia de Buenos Aires","entrecalle_1":"124 COLON (C)","entrecalle_2":"124 COLON (C)"},"geometry":{"type":"Point","coordinates":[-58.5777871,-34.5616847]}},{"type":"Feature","properties":{"Nro. Reclamo":"2025-R -68059","SubMotivo":"QUEJAS","Localidad problema":"SAN MARTIN","Direccion":"52 BELGRANO 3747, SAN MARTIN, General San Martin, Provincia de Buenos Aires","Entrecalle 1":"93 PELLEGRINI (C)","Entrecalle 2":"89 INT. AM CAMPOS (C)","Latitude":-34.57693,"Longitude":-58.53707,"mes_relevamiento":"Diciembre","nro_reclamo":"2025-R -68059","submotivo":"QUEJAS","localidad":"SAN MARTIN","direccion":"52 BELGRANO 3747, SAN MARTIN, General San Martin, Provincia de Buenos Aires","entrecalle_1":"93 PELLEGRINI (C)","entrecalle_2":"89 INT. AM CAMPOS (C)"},"geometry":{"type":"Point","coordinates":[-58.5370708,-34.5769324]}},{"type":"Feature","properties":{"Nro. Reclamo":"2025-R -68448","SubMotivo":"QUEJAS","Localidad problema":"VILLA BALLESTER","Direccion":"136 JUNIN 3465, VILLA BALLESTER, General San Martin, Provincia de Buenos Aires","Entrecalle 1":"81 BOLIVAR (D)","Entrecalle 2":"83 B. MITRE (C)","Latitude":-34.54912,"Longitude":-58.56933,"mes_relevamiento":"Diciembre","nro_reclamo":"2025-R -68448","submotivo":"QUEJAS","localidad":"VILLA BALLESTER","direccion":"136 JUNIN 3465, VILLA BALLESTER, General San Martin, Provincia de Buenos Aires","entrecalle_1":"81 BOLIVAR (D)","entrecalle_2":"83 B. MITRE (C)"},"geometry":{"type":"Point","coordinates":[-58.5693264,-34.5491229]}},{"type":"Feature","properties":{"Nro. Reclamo":"2026-R -00391","SubMotivo":"QUEJAS","Localidad problema":"VILLA BALLESTER","Direccion":"146 CAMPICHUELO 4800, VILLA BALLESTER, General San Martin, Provincia de Buenos Aires","Entrecalle 1":"111 URQUIZA (C)","Entrecalle 2":"113 25 DE MAYO (C)","Latitude":-34.55466,"Longitude":-58.58168,"mes_relevamiento":"Diciembre","nro_reclamo":"2026-R -00391","submotivo":"QUEJAS","localidad":"VILLA BALLESTER","direccion":"146 CAMPICHUELO 4800, VILLA BALLESTER, General San Martin, Provincia de Buenos Aires","entrecalle_1":"111 URQUIZA (C)","entrecalle_2":"113 25 DE MAYO (C)"},"geometry":{"type":"Point","coordinates":[-58.581683,-34.5546594]}},{"type":"Feature","properties":{"Nro. Reclamo":"2026-R -00952","SubMotivo":"QUEJAS","Localidad problema":"VILLA MAIPU","Direccion":"44 AV. PTE. A. ILLIA 2400, VILLA MAIPU, General San Martin, Provincia de Buenos Aires","Entrecalle 1":"57 BERUTTI (C)","Entrecalle 2":"53 GUTIERREZ (C)","Latitude":-34.57168,"Longitude":-58.52311,"mes_relevamiento":"Diciembre","nro_reclamo":"2026-R -00952","submotivo":"QUEJAS","localidad":"VILLA MAIPU","direccion":"44 AV. PTE. A. ILLIA 2400, VILLA MAIPU, General San Martin, Provincia de Buenos Aires","entrecalle_1":"57 BERUTTI (C)","entrecalle_2":"53 GUTIERREZ (C)"},"geometry":{"type":"Point","coordinates":[-58.5231102,-34.5716848]}},{"type":"Feature","properties":{"Nro. Reclamo":"2026-R -01657","SubMotivo":"QUEJAS","Localidad problema":"JOSÉ LEÓN SUÁREZ","Direccion":"174 CHASCOMUS 4547, JOSE LEON SUAREZ, General San Martin, Provincia de Buenos Aires","Entrecalle 1":"105 IBERA (C)","Entrecalle 2":"103 BUENOS AIRES (C)","Latitude":-34.54513,"Longitude":-58.58835,"mes_relevamiento":"Diciembre","nro_reclamo":"2026-R -01657","submotivo":"QUEJAS","localidad":"JOSÉ LEÓN SUÁREZ","direccion":"174 CHASCOMUS 4547, JOSE LEON SUAREZ, General San Martin, Provincia de Buenos Aires","entrecalle_1":"105 IBERA (C)","entrecalle_2":"103 BUENOS AIRES (C)"},"geometry":{"type":"Point","coordinates":[-58.5883539,-34.545131]}},{"type":"Feature","properties":{"Nro. Reclamo":"2026-R -01891","SubMotivo":"QUEJAS","Localidad problema":"VILLA LYNCH","Direccion":"95 DRA. ALICIA MOREAU DE JUSTO 989, VILLA LYNCH, General San Martin, Provincia de Buenos Aires","Entrecalle 1":"28 VELEZ SARFIELD (C)","Entrecalle 2":"24 REPUBLICA DE ISRAEL (C)","Latitude":-34.58728,"Longitude":-58.52906,"mes_relevamiento":"Diciembre","nro_reclamo":"2026-R -01891","submotivo":"QUEJAS","localidad":"VILLA LYNCH","direccion":"95 DRA. ALICIA MOREAU DE JUSTO 989, VILLA LYNCH, General San Martin, Provincia de Buenos Aires","entrecalle_1":"28 VELEZ SARFIELD (C)","entrecalle_2":"24 REPUBLICA DE ISRAEL (C)"},"geometry":{"type":"Point","coordinates":[-58.5290618,-34.5872777]}},{"type":"Feature","properties":{"Nro. Reclamo":"2026-R -01812","SubMotivo":"QUEJAS","Localidad problema":"VILLA BALLESTER","Direccion":"111 URQUIZA 6059, VILLA BALLESTER, General San Martin, Provincia de Buenos Aires","Entrecalle 1":"146 CAMPICHUELO (C)","Entrecalle 2":"148 MAR DEL PLATA (C)","Latitude":-34.55421,"Longitude":-58.58207,"mes_relevamiento":"Diciembre","nro_reclamo":"2026-R -01812","submotivo":"QUEJAS","localidad":"VILLA BALLESTER","direccion":"111 URQUIZA 6059, VILLA BALLESTER, General San Martin, Provincia de Buenos Aires","entrecalle_1":"146 CAMPICHUELO (C)","entrecalle_2":"148 MAR DEL PLATA (C)"},"geometry":{"type":"Point","coordinates":[-58.5820737,-34.55421]}},{"type":"Feature","properties":{"Nro. Reclamo":"2026-R -02367","SubMotivo":"QUEJAS","Localidad problema":"SAN ANDRES","Direccion":"65 E. MARENGO 3092, SAN ANDRES, General San Martin, Provincia de Buenos Aires","Entrecalle 1":"76 J. M. CAMPOS (C)","Entrecalle 2":"72 A. PALACIOS (C)","Latitude":-34.56169,"Longitude":-58.54016,"mes_relevamiento":"Diciembre","nro_reclamo":"2026-R -02367","submotivo":"QUEJAS","localidad":"SAN ANDRES","direccion":"65 E. MARENGO 3092, SAN ANDRES, General San Martin, Provincia de Buenos Aires","entrecalle_1":"76 J. M. CAMPOS (C)","entrecalle_2":"72 A. PALACIOS (C)"},"geometry":{"type":"Point","coordinates":[-58.5401611,-34.5616891]}},{"type":"Feature","properties":{"Nro. Reclamo":"2026-R -02386","SubMotivo":"QUEJAS","Localidad problema":"VILLA BALLESTER","Direccion":"113 25 DE MAYO 6082, VILLA BALLESTER, General San Martin, Provincia de Buenos Aires","Entrecalle 1":"146 CAMPICHUELO (C)","Entrecalle 2":"148 MAR DEL PLATA (C)","Latitude":-34.55519,"Longitude":-58.58334,"mes_relevamiento":"Diciembre","nro_reclamo":"2026-R -02386","submotivo":"QUEJAS","localidad":"VILLA BALLESTER","direccion":"113 25 DE MAYO 6082, VILLA BALLESTER, General San Martin, Provincia de Buenos Aires","entrecalle_1":"146 CAMPICHUELO (C)","entrecalle_2":"148 MAR DEL PLATA (C)"},"geometry":{"type":"Point","coordinates":[-58.5833436,-34.5551892]}},{"type":"Feature","properties":{"Nro. Reclamo":"2026-R -03288","SubMotivo":"QUEJAS","Localidad problema":"SAN MARTIN","Direccion":"115 LIB. GRAL. SAN MARTIN 6152, SAN MARTIN, General San Martin, Provincia de Buenos Aires","Entrecalle 1":"148 MAR DEL PLATA (C)","Entrecalle 2":"148 BETINOTTI (P)","Latitude":-34.5555,"Longitude":-58.58464,"mes_relevamiento":"Diciembre","nro_reclamo":"2026-R -03288","submotivo":"QUEJAS","localidad":"SAN MARTIN","direccion":"115 LIB. GRAL. SAN MARTIN 6152, SAN MARTIN, General San Martin, Provincia de Buenos Aires","entrecalle_1":"148 MAR DEL PLATA (C)","entrecalle_2":"148 BETINOTTI (P)"},"geometry":{"type":"Point","coordinates":[-58.5846412,-34.555504]}},{"type":"Feature","properties":{"Nro. Reclamo":"2026-R -03345","SubMotivo":"QUEJAS","Localidad problema":"SAN MARTIN","Direccion":"77 RIOBAMBA 2228, SAN MARTIN, General San Martin, Provincia de Buenos Aires","Entrecalle 1":"58 PUEYRREDON (C)","Entrecalle 2":"56 MATHEU (C)","Latitude":-34.57198,"Longitude":-58.53546,"mes_relevamiento":"Diciembre","nro_reclamo":"2026-R -03345","submotivo":"QUEJAS","localidad":"SAN MARTIN","direccion":"77 RIOBAMBA 2228, SAN MARTIN, General San Martin, Provincia de Buenos Aires","entrecalle_1":"58 PUEYRREDON (C)","entrecalle_2":"56 MATHEU (C)"},"geometry":{"type":"Point","coordinates":[-58.5354646,-34.5719783]}},{"type":"Feature","properties":{"Nro. Reclamo":"2026-R -03339","SubMotivo":"QUEJAS","Localidad problema":"SAN MARTIN","Direccion":"48 MORENO 4685, SAN MARTIN, General San Martin, Provincia de Buenos Aires","Entrecalle 1":"109 PASO (C)","Entrecalle 2":"111 CASTELLI (C)","Latitude":-34.58447,"Longitude":-58.54355,"mes_relevamiento":"Diciembre","nro_reclamo":"2026-R -03339","submotivo":"QUEJAS","localidad":"SAN MARTIN","direccion":"48 MORENO 4685, SAN MARTIN, General San Martin, Provincia de Buenos Aires","entrecalle_1":"109 PASO (C)","entrecalle_2":"111 CASTELLI (C)"},"geometry":{"type":"Point","coordinates":[-58.5435487,-34.5844668]}},{"type":"Feature","properties":{"Nro. Reclamo":"2026-R -03370","SubMotivo":"QUEJAS","Localidad problema":"SAN ANDRES","Direccion":"85 SALGUERO 2707, SAN ANDRES, General San Martin, Provincia de Buenos Aires","Entrecalle 1":"68 LIBERTAD (C)","Entrecalle 2":"66 J. C. PAZ (C)","Latitude":-34.57039,"Longitude":-58.54354,"mes_relevamiento":"Diciembre","nro_reclamo":"2026-R -03370","submotivo":"QUEJAS","localidad":"SAN ANDRES","direccion":"85 SALGUERO 2707, SAN ANDRES, General San Martin, Provincia de Buenos Aires","entrecalle_1":"68 LIBERTAD (C)","entrecalle_2":"66 J. C. PAZ (C)"},"geometry":{"type":"Point","coordinates":[-58.5435393,-34.5703877]}},{"type":"Feature","properties":{"Nro. Reclamo":"2026-R -03572","SubMotivo":"QUEJAS","Localidad problema":"SAN MARTIN","Direccion":"97 LINIERS 1707, SAN MARTIN, General San Martin, Provincia de Buenos Aires","Entrecalle 1":"46 LINCOLN (C)","Entrecalle 2":"44 JUAREZ (C)","Latitude":-34.58224,"Longitude":-58.53685,"mes_relevamiento":"Diciembre","nro_reclamo":"2026-R -03572","submotivo":"QUEJAS","localidad":"SAN MARTIN","direccion":"97 LINIERS 1707, SAN MARTIN, General San Martin, Provincia de Buenos Aires","entrecalle_1":"46 LINCOLN (C)","entrecalle_2":"44 JUAREZ (C)"},"geometry":{"type":"Point","coordinates":[-58.5368489,-34.5822383]}},{"type":"Feature","properties":{"Nro. Reclamo":"2026-R -03740","SubMotivo":"QUEJAS","Localidad problema":"SAN MARTIN","Direccion":"111 CASTELLI 1818, SAN MARTIN, General San Martin, Provincia de Buenos Aires","Entrecalle 1":"48 MORENO (C)","Entrecalle 2":"46 LINCOLN (C)","Latitude":-34.58542,"Longitude":-58.5428,"mes_relevamiento":"Diciembre","nro_reclamo":"2026-R -03740","submotivo":"QUEJAS","localidad":"SAN MARTIN","direccion":"111 CASTELLI 1818, SAN MARTIN, General San Martin, Provincia de Buenos Aires","entrecalle_1":"48 MORENO (C)","entrecalle_2":"46 LINCOLN (C)"},"geometry":{"type":"Point","coordinates":[-58.5427982,-34.585418]}},{"type":"Feature","properties":{"Nro. Reclamo":"2026-R -03955","SubMotivo":"QUEJAS","Localidad problema":"SAN MARTIN","Direccion":"111 CASTELLI 1858, SAN MARTIN, General San Martin, Provincia de Buenos Aires","Entrecalle 1":"48 MORENO (C)","Entrecalle 2":"46 LINCOLN (C)","Latitude":-34.58509,"Longitude":-58.54318,"mes_relevamiento":"Diciembre","nro_reclamo":"2026-R -03955","submotivo":"QUEJAS","localidad":"SAN MARTIN","direccion":"111 CASTELLI 1858, SAN MARTIN, General San Martin, Provincia de Buenos Aires","entrecalle_1":"48 MORENO (C)","entrecalle_2":"46 LINCOLN (C)"},"geometry":{"type":"Point","coordinates":[-58.5431787,-34.5850948]}},{"type":"Feature","properties":{"Nro. Reclamo":"2026-R -03949","SubMotivo":"QUEJAS","Localidad problema":"SAN MARTIN","Direccion":"103 RONDEAU 2258, SAN MARTIN, General San Martin, Provincia de Buenos Aires","Entrecalle 1":"56 MATHEU (C)","Entrecalle 2":"58 PUEYRREDON (C)","Latitude":-34.57971,"Longitude":-58.54515,"mes_relevamiento":"Diciembre","nro_reclamo":"2026-R -03949","submotivo":"QUEJAS","localidad":"SAN MARTIN","direccion":"103 RONDEAU 2258, SAN MARTIN, General San Martin, Provincia de Buenos Aires","entrecalle_1":"56 MATHEU (C)","entrecalle_2":"58 PUEYRREDON (C)"},"geometry":{"type":"Point","coordinates":[-58.5451546,-34.5797068]}},{"type":"Feature","properties":{"Nro. Reclamo":"2026-R -04186","SubMotivo":"QUEJAS","Localidad problema":"SAN MARTIN","Direccion":"52 BELGRANO 3747, SAN MARTIN, General San Martin, Provincia de Buenos Aires","Entrecalle 1":"91 SAN LORENZO (C)","Entrecalle 2":"89 INT. AM CAMPOS (C)","Latitude":-34.57693,"Longitude":-58.53707,"mes_relevamiento":"Diciembre","nro_reclamo":"2026-R -04186","submotivo":"QUEJAS","localidad":"SAN MARTIN","direccion":"52 BELGRANO 3747, SAN MARTIN, General San Martin, Provincia de Buenos Aires","entrecalle_1":"91 SAN LORENZO (C)","entrecalle_2":"89 INT. AM CAMPOS (C)"},"geometry":{"type":"Point","coordinates":[-58.5370708,-34.5769324]}},{"type":"Feature","properties":{"Nro. Reclamo":"2026-R -04118","SubMotivo":"QUEJAS","Localidad problema":"SAN MARTIN","Direccion":"54 MITRE 4711, SAN MARTIN, General San Martin, Provincia de Buenos Aires","Entrecalle 1":"111 RODRIGUEZ PEÑA (C)","Entrecalle 2":"113 ALVEAR (C)","Latitude":-34.58296,"Longitude":-58.54593,"mes_relevamiento":"Diciembre","nro_reclamo":"2026-R -04118","submotivo":"QUEJAS","localidad":"SAN MARTIN","direccion":"54 MITRE 4711, SAN MARTIN, General San Martin, Provincia de Buenos Aires","entrecalle_1":"111 RODRIGUEZ PEÑA (C)","entrecalle_2":"113 ALVEAR (C)"},"geometry":{"type":"Point","coordinates":[-58.5459308,-34.582961]}},{"type":"Feature","properties":{"Nro. Reclamo":"2026-R -03952","SubMotivo":"QUEJAS","Localidad problema":"SAN MARTIN","Direccion":"48 MORENO 4675, SAN MARTIN, General San Martin, Provincia de Buenos Aires","Entrecalle 1":"109 PASO (C)","Entrecalle 2":"108 CASTELLI (C)","Latitude":-34.58443,"Longitude":-58.54351,"mes_relevamiento":"Diciembre","nro_reclamo":"2026-R -03952","submotivo":"QUEJAS","localidad":"SAN MARTIN","direccion":"48 MORENO 4675, SAN MARTIN, General San Martin, Provincia de Buenos Aires","entrecalle_1":"109 PASO (C)","entrecalle_2":"108 CASTELLI (C)"},"geometry":{"type":"Point","coordinates":[-58.5435123,-34.5844273]}},{"type":"Feature","properties":{"Nro. Reclamo":"2026-R -04339","SubMotivo":"QUEJAS","Localidad problema":"VILLA BONICH","Direccion":"108 CHACABUCO 4977, VILLA BONICH, General San Martin, Provincia de Buenos Aires","Entrecalle 1":"115 MTRO. DASSO (C)","Entrecalle 2":"113 ALVEAR (C)","Latitude":-34.56684,"Longitude":-58.56934,"mes_relevamiento":"Diciembre","nro_reclamo":"2026-R -04339","submotivo":"QUEJAS","localidad":"VILLA BONICH","direccion":"108 CHACABUCO 4977, VILLA BONICH, General San Martin, Provincia de Buenos Aires","entrecalle_1":"115 MTRO. DASSO (C)","entrecalle_2":"113 ALVEAR (C)"},"geometry":{"type":"Point","coordinates":[-58.5693379,-34.5668374]}},{"type":"Feature","properties":{"Nro. Reclamo":"2026-R -04546","SubMotivo":"QUEJAS","Localidad problema":"VILLA BALLESTER","Direccion":"115 LIB. GRAL. SAN MARTIN 5929, VILLA BALLESTER, General San Martin, Provincia de Buenos Aires","Entrecalle 1":"142 RECONQUISTA (C)","Entrecalle 2":"144 DOÑA VICTORIA PUEYRREDON DE PUEYRREDON (C)","Latitude":-34.55686,"Longitude":-58.5825,"mes_relevamiento":"Diciembre","nro_reclamo":"2026-R -04546","submotivo":"QUEJAS","localidad":"VILLA BALLESTER","direccion":"115 LIB. GRAL. SAN MARTIN 5929, VILLA BALLESTER, General San Martin, Provincia de Buenos Aires","entrecalle_1":"142 RECONQUISTA (C)","entrecalle_2":"144 DOÑA VICTORIA PUEYRREDON DE PUEYRREDON (C)"},"geometry":{"type":"Point","coordinates":[-58.5824983,-34.5568637]}},{"type":"Feature","properties":{"Nro. Reclamo":"2026-R -04383","SubMotivo":"QUEJAS","Localidad problema":"SAN ANDRES","Direccion":"76 J. M. CAMPOS 2431, SAN ANDRES, General San Martin, Provincia de Buenos Aires","Entrecalle 1":"55 SAN JUAN (C)","Entrecalle 2":"57 SAN LUIS (C)","Latitude":-34.55954,"Longitude":-58.53747,"mes_relevamiento":"Diciembre","nro_reclamo":"2026-R -04383","submotivo":"QUEJAS","localidad":"SAN ANDRES","direccion":"76 J. M. CAMPOS 2431, SAN ANDRES, General San Martin, Provincia de Buenos Aires","entrecalle_1":"55 SAN JUAN (C)","entrecalle_2":"57 SAN LUIS (C)"},"geometry":{"type":"Point","coordinates":[-58.5374655,-34.5595437]}},{"type":"Feature","properties":{"Nro. Reclamo":"2026-R -04407","SubMotivo":"QUEJAS","Localidad problema":"VILLA BALLESTER","Direccion":"115 LIB. GRAL. SAN MARTIN 6106, VILLA BALLESTER, General San Martin, Provincia de Buenos Aires","Entrecalle 1":"148 MAR DEL PLATA (C)","Entrecalle 2":"148 BETINOTTI (P)","Latitude":-34.55568,"Longitude":-58.58452,"mes_relevamiento":"Diciembre","nro_reclamo":"2026-R -04407","submotivo":"QUEJAS","localidad":"VILLA BALLESTER","direccion":"115 LIB. GRAL. SAN MARTIN 6106, VILLA BALLESTER, General San Martin, Provincia de Buenos Aires","entrecalle_1":"148 MAR DEL PLATA (C)","entrecalle_2":"148 BETINOTTI (P)"},"geometry":{"type":"Point","coordinates":[-58.584522,-34.555679]}},{"type":"Feature","properties":{"Nro. Reclamo":"2026-R -04995","SubMotivo":"QUEJAS","Localidad problema":"SAN MARTIN","Direccion":"99 GRAL. ROCA 1721, SAN MARTIN, General San Martin, Provincia de Buenos Aires","Entrecalle 1":"46 LINCOLN (C)","Entrecalle 2":"44 JUAREZ (C)","Latitude":-34.58282,"Longitude":-58.53772,"mes_relevamiento":"Diciembre","nro_reclamo":"2026-R -04995","submotivo":"QUEJAS","localidad":"SAN MARTIN","direccion":"99 GRAL. ROCA 1721, SAN MARTIN, General San Martin, Provincia de Buenos Aires","entrecalle_1":"46 LINCOLN (C)","entrecalle_2":"44 JUAREZ (C)"},"geometry":{"type":"Point","coordinates":[-58.5377186,-34.5828244]}},{"type":"Feature","properties":{"Nro. Reclamo":"2026-R -04711","SubMotivo":"QUEJAS","Localidad problema":"SAN MARTIN","Direccion":"48 MORENO 3228, SAN MARTIN, General San Martin, Provincia de Buenos Aires","Entrecalle 1":"77 SAAVEDRA (C)","Entrecalle 2":"79 25 DE MAYO (C)","Latitude":-34.57502,"Longitude":-58.532,"mes_relevamiento":"Diciembre","nro_reclamo":"2026-R -04711","submotivo":"QUEJAS","localidad":"SAN MARTIN","direccion":"48 MORENO 3228, SAN MARTIN, General San Martin, Provincia de Buenos Aires","entrecalle_1":"77 SAAVEDRA (C)","entrecalle_2":"79 25 DE MAYO (C)"},"geometry":{"type":"Point","coordinates":[-58.5320045,-34.5750212]}},{"type":"Feature","properties":{"Nro. Reclamo":"2026-R -04727","SubMotivo":"QUEJAS","Localidad problema":"JOSE LEON SUAREZ","Direccion":"65 INDEPENDENCIA 6867, JOSE LEON SUAREZ, General San Martin, Provincia de Buenos Aires","Entrecalle 1":"164 SAN VICENTE (C)","Entrecalle 2":"166 SANTA CRUZ (C)","Latitude":-34.53594,"Longitude":-58.57264,"mes_relevamiento":"Diciembre","nro_reclamo":"2026-R -04727","submotivo":"QUEJAS","localidad":"JOSE LEON SUAREZ","direccion":"65 INDEPENDENCIA 6867, JOSE LEON SUAREZ, General San Martin, Provincia de Buenos Aires","entrecalle_1":"164 SAN VICENTE (C)","entrecalle_2":"166 SANTA CRUZ (C)"},"geometry":{"type":"Point","coordinates":[-58.5726442,-34.5359351]}},{"type":"Feature","properties":{"Nro. Reclamo":"2026-R -04781","SubMotivo":"QUEJAS","Localidad problema":"VILLA MAIPU","Direccion":"69 ITUZAINGO 1834, VILLA MAIPU, General San Martin, Provincia de Buenos Aires","Entrecalle 1":"48 ESTRADA (C)","Entrecalle 2":"46 LINCOLN (C)","Latitude":-34.57342,"Longitude":-58.52899,"mes_relevamiento":"Diciembre","nro_reclamo":"2026-R -04781","submotivo":"QUEJAS","localidad":"VILLA MAIPU","direccion":"69 ITUZAINGO 1834, VILLA MAIPU, General San Martin, Provincia de Buenos Aires","entrecalle_1":"48 ESTRADA (C)","entrecalle_2":"46 LINCOLN (C)"},"geometry":{"type":"Point","coordinates":[-58.528988,-34.5734171]}},{"type":"Feature","properties":{"Nro. Reclamo":"2026-R -04811","SubMotivo":"QUEJAS","Localidad problema":"SAN MARTIN","Direccion":"44 JUAREZ 3318, SAN MARTIN, General San Martin, Provincia de Buenos Aires","Entrecalle 1":"81 SARMIENTO (C)","Entrecalle 2":"79 25 DE MAYO (C)","Latitude":-34.5774,"Longitude":-58.53065,"mes_relevamiento":"Diciembre","nro_reclamo":"2026-R -04811","submotivo":"QUEJAS","localidad":"SAN MARTIN","direccion":"44 JUAREZ 3318, SAN MARTIN, General San Martin, Provincia de Buenos Aires","entrecalle_1":"81 SARMIENTO (C)","entrecalle_2":"79 25 DE MAYO (C)"},"geometry":{"type":"Point","coordinates":[-58.5306463,-34.5773966]}},{"type":"Feature","properties":{"Nro. Reclamo":"2026-R -04837","SubMotivo":"QUEJAS","Localidad problema":"SAN MARTIN","Direccion":"97 LINIERS 1720, SAN MARTIN, General San Martin, Provincia de Buenos Aires","Entrecalle 1":"46 LINCOLN (C)","Entrecalle 2":"44 JUAREZ (C)","Latitude":-34.58228,"Longitude":-58.53718,"mes_relevamiento":"Diciembre","nro_reclamo":"2026-R -04837","submotivo":"QUEJAS","localidad":"SAN MARTIN","direccion":"97 LINIERS 1720, SAN MARTIN, General San Martin, Provincia de Buenos Aires","entrecalle_1":"46 LINCOLN (C)","entrecalle_2":"44 JUAREZ (C)"},"geometry":{"type":"Point","coordinates":[-58.5371801,-34.5822793]}},{"type":"Feature","properties":{"Nro. Reclamo":"2026-R -04976","SubMotivo":"QUEJAS","Localidad problema":"VILLA MAIPU","Direccion":"33 LAVALLE 1520, VILLA MAIPU, General San Martin, Provincia de Buenos Aires","Entrecalle 1":"42 PERDRIEL (C)","Entrecalle 2":"44 AV. PTE. A. ILLIA (A)","Latitude":-34.56809,"Longitude":-58.51526,"mes_relevamiento":"Diciembre","nro_reclamo":"2026-R -04976","submotivo":"QUEJAS","localidad":"VILLA MAIPU","direccion":"33 LAVALLE 1520, VILLA MAIPU, General San Martin, Provincia de Buenos Aires","entrecalle_1":"42 PERDRIEL (C)","entrecalle_2":"44 AV. PTE. A. ILLIA (A)"},"geometry":{"type":"Point","coordinates":[-58.5152552,-34.5680881]}},{"type":"Feature","properties":{"Nro. Reclamo":"2026-R -05114","SubMotivo":"QUEJAS","Localidad problema":"SAN ANDRES","Direccion":"69 BOLIVIA 3086, SAN ANDRES, General San Martin, Provincia de Buenos Aires","Entrecalle 1":"73 ISLAS MALVINAS (D)","Entrecalle 2":"98 SANTA ADELINA (C)","Latitude":-34.56246,"Longitude":-58.54197,"mes_relevamiento":"Diciembre","nro_reclamo":"2026-R -05114","submotivo":"QUEJAS","localidad":"SAN ANDRES","direccion":"69 BOLIVIA 3086, SAN ANDRES, General San Martin, Provincia de Buenos Aires","entrecalle_1":"73 ISLAS MALVINAS (D)","entrecalle_2":"98 SANTA ADELINA (C)"},"geometry":{"type":"Point","coordinates":[-58.5419662,-34.5624643]}},{"type":"Feature","properties":{"Nro. Reclamo":"2026-R -05124","SubMotivo":"QUEJAS","Localidad problema":"VILLA BALLESTER","Direccion":"136 JUNIN 3465, VILLA BALLESTER, General San Martin, Provincia de Buenos Aires","Entrecalle 1":"81 BOLIVAR (C)","Entrecalle 2":"83 B. MITRE (D)","Latitude":-34.54912,"Longitude":-58.56933,"mes_relevamiento":"Diciembre","nro_reclamo":"2026-R -05124","submotivo":"QUEJAS","localidad":"VILLA BALLESTER","direccion":"136 JUNIN 3465, VILLA BALLESTER, General San Martin, Provincia de Buenos Aires","entrecalle_1":"81 BOLIVAR (C)","entrecalle_2":"83 B. MITRE (D)"},"geometry":{"type":"Point","coordinates":[-58.5693264,-34.5491229]}},{"type":"Feature","properties":{"Nro. Reclamo":"2026-R -05151","SubMotivo":"QUEJAS","Localidad problema":"VILLA MAIPU","Direccion":"69 ITUZAINGO 1909, VILLA MAIPU, General San Martin, Provincia de Buenos Aires","Entrecalle 1":"50 MAIPU (C)","Entrecalle 2":"52 ECHEVERRIA (C)","Latitude":-34.57266,"Longitude":-58.52962,"mes_relevamiento":"Diciembre","nro_reclamo":"2026-R -05151","submotivo":"QUEJAS","localidad":"VILLA MAIPU","direccion":"69 ITUZAINGO 1909, VILLA MAIPU, General San Martin, Provincia de Buenos Aires","entrecalle_1":"50 MAIPU (C)","entrecalle_2":"52 ECHEVERRIA (C)"},"geometry":{"type":"Point","coordinates":[-58.5296234,-34.5726644]}},{"type":"Feature","properties":{"Nro. Reclamo":"2026-R -05149","SubMotivo":"QUEJAS","Localidad problema":"SAN ANDRES","Direccion":"61 J. B. ALBERDI 3084, SAN ANDRES, General San Martin, Provincia de Buenos Aires","Entrecalle 1":"76 J. M. CAMPOS (C)","Entrecalle 2":"72 A. PALACIOS (C)","Latitude":-34.56065,"Longitude":-58.5386,"mes_relevamiento":"Diciembre","nro_reclamo":"2026-R -05149","submotivo":"QUEJAS","localidad":"SAN ANDRES","direccion":"61 J. B. ALBERDI 3084, SAN ANDRES, General San Martin, Provincia de Buenos Aires","entrecalle_1":"76 J. M. CAMPOS (C)","entrecalle_2":"72 A. PALACIOS (C)"},"geometry":{"type":"Point","coordinates":[-58.5386047,-34.5606476]}},{"type":"Feature","properties":{"Nro. Reclamo":"2026-R -05448","SubMotivo":"QUEJAS","Localidad problema":"SAN MARTIN","Direccion":"48 MORENO 4613, SAN MARTIN, General San Martin, Provincia de Buenos Aires","Entrecalle 1":"109 PASO (C)","Entrecalle 2":"111 CASTELLI (C)","Latitude":-34.58405,"Longitude":-58.54296,"mes_relevamiento":"Diciembre","nro_reclamo":"2026-R -05448","submotivo":"QUEJAS","localidad":"SAN MARTIN","direccion":"48 MORENO 4613, SAN MARTIN, General San Martin, Provincia de Buenos Aires","entrecalle_1":"109 PASO (C)","entrecalle_2":"111 CASTELLI (C)"},"geometry":{"type":"Point","coordinates":[-58.5429597,-34.5840506]}},{"type":"Feature","properties":{"Nro. Reclamo":"2026-R -05174","SubMotivo":"QUEJAS","Localidad problema":"VILLA BONICH","Direccion":"102 INDUSTRIA 4929, VILLA BONICH, General San Martin, Provincia de Buenos Aires","Entrecalle 1":"113 ALVEAR (C)","Entrecalle 2":"115 MAESTRO DASSO (C)","Latitude":-34.56854,"Longitude":-58.56638,"mes_relevamiento":"Diciembre","nro_reclamo":"2026-R -05174","submotivo":"QUEJAS","localidad":"VILLA BONICH","direccion":"102 INDUSTRIA 4929, VILLA BONICH, General San Martin, Provincia de Buenos Aires","entrecalle_1":"113 ALVEAR (C)","entrecalle_2":"115 MAESTRO DASSO (C)"},"geometry":{"type":"Point","coordinates":[-58.566384,-34.5685444]}},{"type":"Feature","properties":{"Nro. Reclamo":"2026-R -05285","SubMotivo":"QUEJAS","Localidad problema":"SAN MARTIN","Direccion":"46 LINCOLN 4345, SAN MARTIN, General San Martin, Provincia de Buenos Aires","Entrecalle 1":"101 AVENIDA DR. RICARDO BALBIN (A)","Entrecalle 2":"103 ALSINA (C)","Latitude":-34.58318,"Longitude":-58.53986,"mes_relevamiento":"Diciembre","nro_reclamo":"2026-R -05285","submotivo":"QUEJAS","localidad":"SAN MARTIN","direccion":"46 LINCOLN 4345, SAN MARTIN, General San Martin, Provincia de Buenos Aires","entrecalle_1":"101 AVENIDA DR. RICARDO BALBIN (A)","entrecalle_2":"103 ALSINA (C)"},"geometry":{"type":"Point","coordinates":[-58.5398553,-34.5831809]}},{"type":"Feature","properties":{"Nro. Reclamo":"2026-R -05299","SubMotivo":"QUEJAS","Localidad problema":"SAN MARTIN","Direccion":"111 CASTELLI 2046, SAN MARTIN, General San Martin, Provincia de Buenos Aires","Entrecalle 1":"54 MITRE (C)","Entrecalle 2":"52 BELGRANO (C)","Latitude":-34.58354,"Longitude":-58.54527,"mes_relevamiento":"Diciembre","nro_reclamo":"2026-R -05299","submotivo":"QUEJAS","localidad":"SAN MARTIN","direccion":"111 CASTELLI 2046, SAN MARTIN, General San Martin, Provincia de Buenos Aires","entrecalle_1":"54 MITRE (C)","entrecalle_2":"52 BELGRANO (C)"},"geometry":{"type":"Point","coordinates":[-58.5452693,-34.5835442]}},{"type":"Feature","properties":{"Nro. Reclamo":"2026-R -05327","SubMotivo":"QUEJAS","Localidad problema":"VILLA BALLESTER","Direccion":"69 SAN MARTIN 4700, VILLA BALLESTER, General San Martin, Provincia de Buenos Aires","Entrecalle 1":"110 JOSE HERNANDEZ (C)","Entrecalle 2":"110 JOSE HERNANDEZ (C)","Latitude":-34.54052,"Longitude":-58.56994,"mes_relevamiento":"Diciembre","nro_reclamo":"2026-R -05327","submotivo":"QUEJAS","localidad":"VILLA BALLESTER","direccion":"69 SAN MARTIN 4700, VILLA BALLESTER, General San Martin, Provincia de Buenos Aires","entrecalle_1":"110 JOSE HERNANDEZ (C)","entrecalle_2":"110 JOSE HERNANDEZ (C)"},"geometry":{"type":"Point","coordinates":[-58.5699428,-34.5405161]}},{"type":"Feature","properties":{"Nro. Reclamo":"2026-R -05152","SubMotivo":"QUEJAS","Localidad problema":"VILLA LYNCH","Direccion":"42 PERDRIEL 4250, VILLA LYNCH, General San Martin, Provincia de Buenos Aires","Entrecalle 1":"101 ITURRASPE (D)","Entrecalle 2":"99 GRAL. ROCA (C)","Latitude":-34.58431,"Longitude":-58.53663,"mes_relevamiento":"Diciembre","nro_reclamo":"2026-R -05152","submotivo":"QUEJAS","localidad":"VILLA LYNCH","direccion":"42 PERDRIEL 4250, VILLA LYNCH, General San Martin, Provincia de Buenos Aires","entrecalle_1":"101 ITURRASPE (D)","entrecalle_2":"99 GRAL. ROCA (C)"},"geometry":{"type":"Point","coordinates":[-58.5366343,-34.5843141]}},{"type":"Feature","properties":{"Nro. Reclamo":"2026-R -05643","SubMotivo":"QUEJAS","Localidad problema":"SAN MARTIN","Direccion":"83 YAPEYU 2040, SAN MARTIN, General San Martin, Provincia de Buenos Aires","Entrecalle 1":"52 BELGRANO (C)","Entrecalle 2":"54 MITRE (C)","Latitude":-34.57576,"Longitude":-58.53591,"mes_relevamiento":"Diciembre","nro_reclamo":"2026-R -05643","submotivo":"QUEJAS","localidad":"SAN MARTIN","direccion":"83 YAPEYU 2040, SAN MARTIN, General San Martin, Provincia de Buenos Aires","entrecalle_1":"52 BELGRANO (C)","entrecalle_2":"54 MITRE (C)"},"geometry":{"type":"Point","coordinates":[-58.5359109,-34.5757599]}},{"type":"Feature","properties":{"Nro. Reclamo":"2026-R -05551","SubMotivo":"QUEJAS","Localidad problema":"SAN MARTIN","Direccion":"111 CASTELLI 2042, SAN MARTIN, General San Martin, Provincia de Buenos Aires","Entrecalle 1":"54 MITRE (C)","Entrecalle 2":"52 BELGRANO (C)","Latitude":-34.58357,"Longitude":-58.54524,"mes_relevamiento":"Diciembre","nro_reclamo":"2026-R -05551","submotivo":"QUEJAS","localidad":"SAN MARTIN","direccion":"111 CASTELLI 2042, SAN MARTIN, General San Martin, Provincia de Buenos Aires","entrecalle_1":"54 MITRE (C)","entrecalle_2":"52 BELGRANO (C)"},"geometry":{"type":"Point","coordinates":[-58.54524,-34.5835675]}},{"type":"Feature","properties":{"Nro. Reclamo":"2026-R -05864","SubMotivo":"QUEJAS","Localidad problema":"VILLA LYNCH","Direccion":"113 ALVEAR 2132, VILLA LYNCH, General San Martin, Provincia de Buenos Aires","Entrecalle 1":"54 MITRE (C)","Entrecalle 2":"56 MATHEU (C)","Latitude":-34.58335,"Longitude":-58.54679,"mes_relevamiento":"Diciembre","nro_reclamo":"2026-R -05864","submotivo":"QUEJAS","localidad":"VILLA LYNCH","direccion":"113 ALVEAR 2132, VILLA LYNCH, General San Martin, Provincia de Buenos Aires","entrecalle_1":"54 MITRE (C)","entrecalle_2":"56 MATHEU (C)"},"geometry":{"type":"Point","coordinates":[-58.5467894,-34.5833491]}},{"type":"Feature","properties":{"Nro. Reclamo":"2026-W -00720","SubMotivo":"QUEJAS","Localidad problema":"VILLA CORONEL JOSÉ MARÍA ZAPIOLA","Direccion":"114 SUIPACHA 5054, VILLA CORONEL JOSE MARIA ZAPIOLA, General San Martin, Provincia de Buenos Aires","Entrecalle 1":"117 PICHINCHA (C)","Entrecalle 2":"115 MAESTRO DASSO (C)","Latitude":-34.5656,"Longitude":-58.5721,"mes_relevamiento":"Diciembre","nro_reclamo":"2026-W -00720","submotivo":"QUEJAS","localidad":"VILLA CORONEL JOSÉ MARÍA ZAPIOLA","direccion":"114 SUIPACHA 5054, VILLA CORONEL JOSE MARIA ZAPIOLA, General San Martin, Provincia de Buenos Aires","entrecalle_1":"117 PICHINCHA (C)","entrecalle_2":"115 MAESTRO DASSO (C)"},"geometry":{"type":"Point","coordinates":[-58.5721035,-34.5656044]}},{"type":"Feature","properties":{"Nro. Reclamo":"2026-R -06099","SubMotivo":"QUEJAS","Localidad problema":"VILLA BONICH","Direccion":"96 ALSINA 4861, VILLA BONICH, General San Martin, Provincia de Buenos Aires","Entrecalle 1":"113 ALVEAR (C)","Entrecalle 2":"111 RODRIGUEZ PEÑA (C)","Latitude":-34.56922,"Longitude":-58.56438,"mes_relevamiento":"Diciembre","nro_reclamo":"2026-R -06099","submotivo":"QUEJAS","localidad":"VILLA BONICH","direccion":"96 ALSINA 4861, VILLA BONICH, General San Martin, Provincia de Buenos Aires","entrecalle_1":"113 ALVEAR (C)","entrecalle_2":"111 RODRIGUEZ PEÑA (C)"},"geometry":{"type":"Point","coordinates":[-58.5643761,-34.5692159]}},{"type":"Feature","properties":{"Nro. Reclamo":"2026-R -06220","SubMotivo":"QUEJAS","Localidad problema":"SAN MARTIN","Direccion":"58 PUEYRREDON 4929, SAN MARTIN, General San Martin, Provincia de Buenos Aires","Entrecalle 1":"117 SUIPACHA (C)","Entrecalle 2":"115 MAESTRO DASSO (C)","Latitude":-34.58346,"Longitude":-58.55024,"mes_relevamiento":"Diciembre","nro_reclamo":"2026-R -06220","submotivo":"QUEJAS","localidad":"SAN MARTIN","direccion":"58 PUEYRREDON 4929, SAN MARTIN, General San Martin, Provincia de Buenos Aires","entrecalle_1":"117 SUIPACHA (C)","entrecalle_2":"115 MAESTRO DASSO (C)"},"geometry":{"type":"Point","coordinates":[-58.5502393,-34.5834631]}},{"type":"Feature","properties":{"Nro. Reclamo":"2026-R -06310","SubMotivo":"QUEJAS","Localidad problema":"VILLA BALLESTER","Direccion":"146 CAMPICHUELO 4775, VILLA BALLESTER, General San Martin, Provincia de Buenos Aires","Entrecalle 1":"111 URQUIZA (C)","Entrecalle 2":"109 1 DE AGOSTO DE 1806 (C)","Latitude":-34.55443,"Longitude":-58.58174,"mes_relevamiento":"Diciembre","nro_reclamo":"2026-R -06310","submotivo":"QUEJAS","localidad":"VILLA BALLESTER","direccion":"146 CAMPICHUELO 4775, VILLA BALLESTER, General San Martin, Provincia de Buenos Aires","entrecalle_1":"111 URQUIZA (C)","entrecalle_2":"109 1 DE AGOSTO DE 1806 (C)"},"geometry":{"type":"Point","coordinates":[-58.5817417,-34.5544325]}},{"type":"Feature","properties":{"Nro. Reclamo":"2026-R -06186","SubMotivo":"QUEJAS","Localidad problema":"SAN MARTIN","Direccion":"79 AYACUCHO 2217, SAN MARTIN, General San Martin, Provincia de Buenos Aires","Entrecalle 1":"56 MATHEU (C)","Entrecalle 2":"58 PUEYRREDON (C)","Latitude":-34.57251,"Longitude":-58.53579,"mes_relevamiento":"Diciembre","nro_reclamo":"2026-R -06186","submotivo":"QUEJAS","localidad":"SAN MARTIN","direccion":"79 AYACUCHO 2217, SAN MARTIN, General San Martin, Provincia de Buenos Aires","entrecalle_1":"56 MATHEU (C)","entrecalle_2":"58 PUEYRREDON (C)"},"geometry":{"type":"Point","coordinates":[-58.5357881,-34.5725115]}},{"type":"Feature","properties":{"Nro. Reclamo":"2026-R -06245","SubMotivo":"QUEJAS","Localidad problema":"SAN MARTIN","Direccion":"56 MATHEU 3212, SAN MARTIN, General San Martin, Provincia de Buenos Aires","Entrecalle 1":"79 AYACUCHO (C)","Entrecalle 2":"77 RIOBAMBA (C)","Latitude":-34.57239,"Longitude":-58.53493,"mes_relevamiento":"Diciembre","nro_reclamo":"2026-R -06245","submotivo":"QUEJAS","localidad":"SAN MARTIN","direccion":"56 MATHEU 3212, SAN MARTIN, General San Martin, Provincia de Buenos Aires","entrecalle_1":"79 AYACUCHO (C)","entrecalle_2":"77 RIOBAMBA (C)"},"geometry":{"type":"Point","coordinates":[-58.5349328,-34.5723879]}},{"type":"Feature","properties":{"Nro. Reclamo":"2026-R -06260","SubMotivo":"QUEJAS","Localidad problema":"SAN MARTIN","Direccion":"56 1 DE MAYO 5476, SAN MARTIN, General San Martin, Provincia de Buenos Aires","Entrecalle 1":"125 CASTRO (P)","Entrecalle 2":"125 AV. EVA PERON (A)","Latitude":-34.58746,"Longitude":-58.55282,"mes_relevamiento":"Diciembre","nro_reclamo":"2026-R -06260","submotivo":"QUEJAS","localidad":"SAN MARTIN","direccion":"56 1 DE MAYO 5476, SAN MARTIN, General San Martin, Provincia de Buenos Aires","entrecalle_1":"125 CASTRO (P)","entrecalle_2":"125 AV. EVA PERON (A)"},"geometry":{"type":"Point","coordinates":[-58.5528168,-34.5874572]}},{"type":"Feature","properties":{"Nro. Reclamo":"2026-R -06346","SubMotivo":"QUEJAS","Localidad problema":"VILLA MAIPU","Direccion":"44 AV. PTE. A. ILLIA 2417, VILLA MAIPU, General San Martin, Provincia de Buenos Aires","Entrecalle 1":"57 BERUTTI (C)","Entrecalle 2":"53 GUTIERREZ (C)","Latitude":-34.57164,"Longitude":-58.52352,"mes_relevamiento":"Diciembre","nro_reclamo":"2026-R -06346","submotivo":"QUEJAS","localidad":"VILLA MAIPU","direccion":"44 AV. PTE. A. ILLIA 2417, VILLA MAIPU, General San Martin, Provincia de Buenos Aires","entrecalle_1":"57 BERUTTI (C)","entrecalle_2":"53 GUTIERREZ (C)"},"geometry":{"type":"Point","coordinates":[-58.5235193,-34.5716366]}}]}